Workbook

Sheet Sheet1
B1: هم وحزن | C1: توفى شخص عزيز | D1: اشعر بالوحدة | E1: انتهى صبري | F1: اشعر بالظلم | G1: اشعر بالندم | H1: احتاج الى الامل | I1: اشعر بالعجز والكسل | J1: اشعر بالقلق والخوف | K1: اشعر بضيق الرزق | L1: ارتكبت ذنب | M1: احتاج الى الرضا والقناعة | N1: ارغب في التغيير وبداية جديدة | O1: كيف اتعامل مع الناس | P1: اشعر بالخذلان وعدم التقدير | Q1: اريد التقرب من الله
A2: سورة البقرة | B2: FALSE | C2: FALSE | D2: FALSE | E2: FALSE | F2: FALSE | G2: FALSE | H2: FALSE | I2: FALSE | J2: FALSE | K2: FALSE | L2: FALSE | M2: FALSE | N2: FALSE | O2: FALSE | P2: FALSE | Q2: FALSE
A3: ذَٰلِكَ الْكِتَابُ لَا رَيْبَ ۛ فِيهِ ۛ هُدًى لِلْمُتَّقِينَ | B3: FALSE | C3: FALSE | D3: FALSE | E3: FALSE | F3: FALSE | G3: FALSE | H3: FALSE | I3: TRUE | J3: FALSE | K3: TRUE | L3: FALSE | M3: FALSE | N3: TRUE | O3: FALSE | P3: FALSE | Q3: FALSE
A4: الَّذِينَ يُؤْمِنُونَ بِالْغَيْبِ وَيُقِيمُونَ الصَّلَاةَ وَمِمَّا رَزَقْنَاهُمْ يُنْفِقُونَ {3} وَالَّذِينَ يُؤْمِنُونَ بِمَا أُنْزِلَ إِلَيْكَ وَمَا أُنْزِلَ مِنْ قَبْلِكَ وَبِالْآخِرَةِ هُمْ يُوقِنُونَ {4} أُولَٰئِكَ عَلَىٰ هُدًى مِنْ رَبِّهِمْ ۖ وَأُولَٰئِكَ هُمُ الْمُفْلِحُونَ {5} سورة البقرة | B4: FALSE | C4: FALSE | D4: FALSE | E4: FALSE | F4: FALSE | G4: FALSE | H4: TRUE | I4: FALSE | J4: FALSE | K4: FALSE | L4: FALSE | M4: FALSE | N4: FALSE | O4: FALSE | P4: FALSE | Q4: TRUE
A5: وَمِنَ النَّاسِ مَنْ يَقُولُ آمَنَّا بِاللَّهِ وَبِالْيَوْمِ الْآخِرِ وَمَا هُمْ بِمُؤْمِنِينَ {8} سورة البقرة | B5: FALSE | C5: FALSE | D5: FALSE | E5: FALSE | F5: FALSE | G5: FALSE | H5: FALSE | I5: FALSE | J5: FALSE | K5: FALSE | L5: FALSE | M5: FALSE | N5: FALSE | O5: FALSE | P5: FALSE | Q5: FALSE
A6: وَإِذَا قِيلَ لَهُمْ لَا تُفْسِدُوا فِي الْأَرْضِ قَالُوا إِنَّمَا نَحْنُ مُصْلِحُونَ {11} أَلَا إِنَّهُمْ هُمُ الْمُفْسِدُونَ وَلَٰكِنْ لَا يَشْعُرُونَ {12} سورة البقرة | B6: FALSE | C6: FALSE | D6: FALSE | E6: FALSE | F6: FALSE | G6: FALSE | H6: TRUE | I6: FALSE | J6: TRUE | K6: FALSE | L6: FALSE | M6: FALSE | N6: FALSE | O6: FALSE | P6: FALSE | Q6: FALSE
A7: إِنَّ اللَّهَ عَلَىٰ كُلِّ شَيْءٍ قَدِيرٌ {20} سورة البقرة | B7: FALSE | C7: FALSE | D7: FALSE | E7: FALSE | F7: FALSE | G7: FALSE | H7: FALSE | I7: FALSE | J7: FALSE | K7: FALSE | L7: FALSE | M7: TRUE | N7: FALSE | O7: FALSE | P7: TRUE | Q7: FALSE

Sheet Sheet2
A1: =IF(#REF!="","",#REF!) -> #REF! | B1: =IF(#REF!="","",#REF!) -> #REF! | C1: =IF(Sheet1!C2="","",Sheet1!C2) -> FALSE | D1: =IF(Sheet1!D2="","",Sheet1!D2) -> FALSE | E1: =IF(Sheet1!E2="","",Sheet1!E2) -> FALSE | F1: =IF(Sheet1!F2="","",Sheet1!F2) -> FALSE | G1: =IF(Sheet1!G2="","",Sheet1!G2) -> FALSE | H1: =IF(Sheet1!H2="","",Sheet1!H2) -> FALSE | I1: =IF(#REF!="","",#REF!) -> #REF! | J1: =IF(Sheet1!I2="","",Sheet1!I2) -> FALSE | K1: =IF(Sheet1!J2="","",Sheet1!J2) -> FALSE | L1: =IF(Sheet1!K2="","",Sheet1!K2) -> FALSE | M1: =IF(Sheet1!L2="","",Sheet1!L2) -> FALSE
A2: =IF(Sheet1!A3="","",Sheet1!A3) -> ذَٰلِكَ الْكِتَابُ لَا رَيْبَ ۛ فِيهِ ۛ هُدًى لِلْمُتَّقِينَ | B2: =IF(OR(Sheet1!B3="",Sheet1!B3=FALSE),"",Sheet1!B3) | C2: =IF(OR(Sheet1!C3="",Sheet1!C3=FALSE),"",Sheet1!C3) | D2: =IF(OR(Sheet1!D3="",Sheet1!D3=FALSE),"",Sheet1!D3) | E2: =IF(OR(Sheet1!E3="",Sheet1!E3=FALSE),"",Sheet1!E3) | F2: =IF(OR(Sheet1!F3="",Sheet1!F3=FALSE),"",Sheet1!F3) | G2: =IF(OR(Sheet1!G3="",Sheet1!G3=FALSE),"",Sheet1!G3) | H2: =IF(OR(Sheet1!H3="",Sheet1!H3=FALSE),"",Sheet1!H3) | I2: =IF(OR(#REF!="",#REF!=FALSE),"",#REF!) -> #REF! | J2: =IF(OR(Sheet1!I3="",Sheet1!I3=FALSE),"",Sheet1!I3) -> TRUE | K2: =IF(OR(Sheet1!J3="",Sheet1!J3=FALSE),"",Sheet1!J3) | L2: =IF(OR(Sheet1!K3="",Sheet1!K3=FALSE),"",Sheet1!K3) -> TRUE | M2: =IF(OR(Sheet1!L3="",Sheet1!L3=FALSE),"",Sheet1!L3)
A3: =IF(#REF!="","",#REF!) -> #REF! | B3: =IF(OR(#REF!="",#REF!=FALSE),"",#REF!) -> #REF! | C3: =IF(OR(#REF!="",#REF!=FALSE),"",#REF!) -> #REF! | D3: =IF(OR(#REF!="",#REF!=FALSE),"",#REF!) -> #REF! | E3: =IF(OR(#REF!="",#REF!=FALSE),"",#REF!) -> #REF! | F3: =IF(OR(#REF!="",#REF!=FALSE),"",#REF!) -> #REF! | G3: =IF(OR(#REF!="",#REF!=FALSE),"",#REF!) -> #REF! | H3: =IF(OR(#REF!="",#REF!=FALSE),"",#REF!) -> #REF! | I3: =IF(OR(#REF!="",#REF!=FALSE),"",#REF!) -> #REF! | ... M3: =IF(OR(#REF!="",#REF!=FALSE),"",#REF!) -> #REF!
A4: =IF(Sheet1!A4="","",Sheet1!A4) -> الَّذِينَ يُؤْمِنُونَ بِالْغَيْبِ وَيُقِيمُونَ الصَّلَاةَ وَمِمَّا رَزَقْنَاهُمْ يُنْفِقُونَ {3} وَالَّذِينَ يُؤْمِنُونَ بِمَا أُنْزِلَ إِلَيْكَ وَمَا أُنْزِلَ مِنْ قَبْلِكَ وَبِالْآخِرَةِ هُمْ يُوقِنُونَ {4} أُولَٰئِكَ عَلَىٰ هُدًى مِنْ رَبِّهِمْ ۖ وَأُولَٰئِكَ هُمُ الْمُفْلِحُونَ {5} سورة البقرة | B4: =IF(OR(Sheet1!B4="",Sheet1!B4=FALSE),"",Sheet1!B4) | C4: =IF(OR(Sheet1!C4="",Sheet1!C4=FALSE),"",Sheet1!C4) | D4: =IF(OR(Sheet1!D4="",Sheet1!D4=FALSE),"",Sheet1!D4) | E4: =IF(OR(Sheet1!E4="",Sheet1!E4=FALSE),"",Sheet1!E4) | F4: =IF(OR(Sheet1!F4="",Sheet1!F4=FALSE),"",Sheet1!F4) | G4: =IF(OR(Sheet1!G4="",Sheet1!G4=FALSE),"",Sheet1!G4) | H4: =IF(OR(Sheet1!H4="",Sheet1!H4=FALSE),"",Sheet1!H4) -> TRUE | I4: =IF(OR(#REF!="",#REF!=FALSE),"",#REF!) -> #REF! | J4: =IF(OR(Sheet1!I4="",Sheet1!I4=FALSE),"",Sheet1!I4) | K4: =IF(OR(Sheet1!J4="",Sheet1!J4=FALSE),"",Sheet1!J4) | L4: =IF(OR(Sheet1!K4="",Sheet1!K4=FALSE),"",Sheet1!K4) | M4: =IF(OR(Sheet1!L4="",Sheet1!L4=FALSE),"",Sheet1!L4)
A5: =IF(Sheet1!A5="","",Sheet1!A5) -> وَمِنَ النَّاسِ مَنْ يَقُولُ آمَنَّا بِاللَّهِ وَبِالْيَوْمِ الْآخِرِ وَمَا هُمْ بِمُؤْمِنِينَ {8} سورة البقرة | B5: =IF(OR(Sheet1!B5="",Sheet1!B5=FALSE),"",Sheet1!B5) | C5: =IF(OR(Sheet1!C5="",Sheet1!C5=FALSE),"",Sheet1!C5) | D5: =IF(OR(Sheet1!D5="",Sheet1!D5=FALSE),"",Sheet1!D5) | E5: =IF(OR(Sheet1!E5="",Sheet1!E5=FALSE),"",Sheet1!E5) | F5: =IF(OR(Sheet1!F5="",Sheet1!F5=FALSE),"",Sheet1!F5) | G5: =IF(OR(Sheet1!G5="",Sheet1!G5=FALSE),"",Sheet1!G5) | H5: =IF(OR(Sheet1!H5="",Sheet1!H5=FALSE),"",Sheet1!H5) | I5: =IF(OR(#REF!="",#REF!=FALSE),"",#REF!) -> #REF! | J5: =IF(OR(Sheet1!I5="",Sheet1!I5=FALSE),"",Sheet1!I5) | K5: =IF(OR(Sheet1!J5="",Sheet1!J5=FALSE),"",Sheet1!J5) | L5: =IF(OR(Sheet1!K5="",Sheet1!K5=FALSE),"",Sheet1!K5) | M5: =IF(OR(Sheet1!L5="",Sheet1!L5=FALSE),"",Sheet1!L5)
A6: =IF(Sheet1!A6="","",Sheet1!A6) -> وَإِذَا قِيلَ لَهُمْ لَا تُفْسِدُوا فِي الْأَرْضِ قَالُوا إِنَّمَا نَحْنُ مُصْلِحُونَ {11} أَلَا إِنَّهُمْ هُمُ الْمُفْسِدُونَ وَلَٰكِنْ لَا يَشْعُرُونَ {12} سورة البقرة | B6: =IF(OR(Sheet1!B6="",Sheet1!B6=FALSE),"",Sheet1!B6) | C6: =IF(OR(Sheet1!C6="",Sheet1!C6=FALSE),"",Sheet1!C6) | D6: =IF(OR(Sheet1!D6="",Sheet1!D6=FALSE),"",Sheet1!D6) | E6: =IF(OR(Sheet1!E6="",Sheet1!E6=FALSE),"",Sheet1!E6) | F6: =IF(OR(Sheet1!F6="",Sheet1!F6=FALSE),"",Sheet1!F6) | G6: =IF(OR(Sheet1!G6="",Sheet1!G6=FALSE),"",Sheet1!G6) | H6: =IF(OR(Sheet1!H6="",Sheet1!H6=FALSE),"",Sheet1!H6) -> TRUE | I6: =IF(OR(#REF!="",#REF!=FALSE),"",#REF!) -> #REF! | J6: =IF(OR(Sheet1!I6="",Sheet1!I6=FALSE),"",Sheet1!I6) | K6: =IF(OR(Sheet1!J6="",Sheet1!J6=FALSE),"",Sheet1!J6) -> TRUE | L6: =IF(OR(Sheet1!K6="",Sheet1!K6=FALSE),"",Sheet1!K6) | M6: =IF(OR(Sheet1!L6="",Sheet1!L6=FALSE),"",Sheet1!L6)
A7: =IF(Sheet1!A7="","",Sheet1!A7) -> إِنَّ اللَّهَ عَلَىٰ كُلِّ شَيْءٍ قَدِيرٌ {20} سورة البقرة | B7: =IF(OR(Sheet1!B7="",Sheet1!B7=FALSE),"",Sheet1!B7) | C7: =IF(OR(Sheet1!C7="",Sheet1!C7=FALSE),"",Sheet1!C7) | D7: =IF(OR(Sheet1!D7="",Sheet1!D7=FALSE),"",Sheet1!D7) | E7: =IF(OR(Sheet1!E7="",Sheet1!E7=FALSE),"",Sheet1!E7) | F7: =IF(OR(Sheet1!F7="",Sheet1!F7=FALSE),"",Sheet1!F7) | G7: =IF(OR(Sheet1!G7="",Sheet1!G7=FALSE),"",Sheet1!G7) | H7: =IF(OR(Sheet1!H7="",Sheet1!H7=FALSE),"",Sheet1!H7) | I7: =IF(OR(#REF!="",#REF!=FALSE),"",#REF!) -> #REF! | J7: =IF(OR(Sheet1!I7="",Sheet1!I7=FALSE),"",Sheet1!I7) | K7: =IF(OR(Sheet1!J7="",Sheet1!J7=FALSE),"",Sheet1!J7) | L7: =IF(OR(Sheet1!K7="",Sheet1!K7=FALSE),"",Sheet1!K7) | M7: =IF(OR(Sheet1!L7="",Sheet1!L7=FALSE),"",Sheet1!L7)
A8: =IF(Sheet1!A51="","",Sheet1!A51) | B8: =IF(OR(Sheet1!B51="",Sheet1!B51=FALSE),"",Sheet1!B51) | C8: =IF(OR(Sheet1!C51="",Sheet1!C51=FALSE),"",Sheet1!C51) | D8: =IF(OR(Sheet1!D51="",Sheet1!D51=FALSE),"",Sheet1!D51) | E8: =IF(OR(Sheet1!E51="",Sheet1!E51=FALSE),"",Sheet1!E51) | F8: =IF(OR(Sheet1!F51="",Sheet1!F51=FALSE),"",Sheet1!F51) | G8: =IF(OR(Sheet1!G51="",Sheet1!G51=FALSE),"",Sheet1!G51) | H8: =IF(OR(Sheet1!H51="",Sheet1!H51=FALSE),"",Sheet1!H51) | I8: =IF(OR(#REF!="",#REF!=FALSE),"",#REF!) -> #REF! | J8: =IF(OR(Sheet1!I51="",Sheet1!I51=FALSE),"",Sheet1!I51) | K8: =IF(OR(Sheet1!J51="",Sheet1!J51=FALSE),"",Sheet1!J51) | L8: =IF(OR(Sheet1!K51="",Sheet1!K51=FALSE),"",Sheet1!K51) | M8: =IF(OR(Sheet1!L51="",Sheet1!L51=FALSE),"",Sheet1!L51)
A9: =IF(Sheet1!A8="","",Sheet1!A8) | B9: =IF(OR(Sheet1!B8="",Sheet1!B8=FALSE),"",Sheet1!B8) | C9: =IF(OR(Sheet1!C8="",Sheet1!C8=FALSE),"",Sheet1!C8) | D9: =IF(OR(Sheet1!D8="",Sheet1!D8=FALSE),"",Sheet1!D8) | E9: =IF(OR(Sheet1!E8="",Sheet1!E8=FALSE),"",Sheet1!E8) | F9: =IF(OR(Sheet1!F8="",Sheet1!F8=FALSE),"",Sheet1!F8) | G9: =IF(OR(Sheet1!G8="",Sheet1!G8=FALSE),"",Sheet1!G8) | H9: =IF(OR(Sheet1!H8="",Sheet1!H8=FALSE),"",Sheet1!H8) | I9: =IF(OR(#REF!="",#REF!=FALSE),"",#REF!) -> #REF! | J9: =IF(OR(Sheet1!I8="",Sheet1!I8=FALSE),"",Sheet1!I8) | K9: =IF(OR(Sheet1!J8="",Sheet1!J8=FALSE),"",Sheet1!J8) | L9: =IF(OR(Sheet1!K8="",Sheet1!K8=FALSE),"",Sheet1!K8) | M9: =IF(OR(Sheet1!L8="",Sheet1!L8=FALSE),"",Sheet1!L8)
A10: =IF(Sheet1!A9="","",Sheet1!A9) | B10: =IF(OR(Sheet1!B9="",Sheet1!B9=FALSE),"",Sheet1!B9) | C10: =IF(OR(Sheet1!C9="",Sheet1!C9=FALSE),"",Sheet1!C9) | D10: =IF(OR(Sheet1!D9="",Sheet1!D9=FALSE),"",Sheet1!D9) | E10: =IF(OR(Sheet1!E9="",Sheet1!E9=FALSE),"",Sheet1!E9) | F10: =IF(OR(Sheet1!F9="",Sheet1!F9=FALSE),"",Sheet1!F9) | G10: =IF(OR(Sheet1!G9="",Sheet1!G9=FALSE),"",Sheet1!G9) | H10: =IF(OR(Sheet1!H9="",Sheet1!H9=FALSE),"",Sheet1!H9) | I10: =IF(OR(#REF!="",#REF!=FALSE),"",#REF!) -> #REF! | J10: =IF(OR(Sheet1!I9="",Sheet1!I9=FALSE),"",Sheet1!I9) | K10: =IF(OR(Sheet1!J9="",Sheet1!J9=FALSE),"",Sheet1!J9) | L10: =IF(OR(Sheet1!K9="",Sheet1!K9=FALSE),"",Sheet1!K9) | M10: =IF(OR(Sheet1!L9="",Sheet1!L9=FALSE),"",Sheet1!L9)
A11: =IF(#REF!="","",#REF!) -> #REF! | B11: =IF(OR(#REF!="",#REF!=FALSE),"",#REF!) -> #REF! | C11: =IF(OR(#REF!="",#REF!=FALSE),"",#REF!) -> #REF! | D11: =IF(OR(#REF!="",#REF!=FALSE),"",#REF!) -> #REF! | E11: =IF(OR(#REF!="",#REF!=FALSE),"",#REF!) -> #REF! | F11: =IF(OR(#REF!="",#REF!=FALSE),"",#REF!) -> #REF! | G11: =IF(OR(#REF!="",#REF!=FALSE),"",#REF!) -> #REF! | H11: =IF(OR(#REF!="",#REF!=FALSE),"",#REF!) -> #REF! | I11: =IF(OR(#REF!="",#REF!=FALSE),"",#REF!) -> #REF! | ... M11: =IF(OR(#REF!="",#REF!=FALSE),"",#REF!) -> #REF!
A12: =IF(Sheet1!A10="","",Sheet1!A10) | B12: =IF(OR(Sheet1!B10="",Sheet1!B10=FALSE),"",Sheet1!B10) | C12: =IF(OR(Sheet1!C10="",Sheet1!C10=FALSE),"",Sheet1!C10) | D12: =IF(OR(Sheet1!D10="",Sheet1!D10=FALSE),"",Sheet1!D10) | E12: =IF(OR(Sheet1!E10="",Sheet1!E10=FALSE),"",Sheet1!E10) | F12: =IF(OR(Sheet1!F10="",Sheet1!F10=FALSE),"",Sheet1!F10) | G12: =IF(OR(Sheet1!G10="",Sheet1!G10=FALSE),"",Sheet1!G10) | H12: =IF(OR(Sheet1!H10="",Sheet1!H10=FALSE),"",Sheet1!H10) | I12: =IF(OR(#REF!="",#REF!=FALSE),"",#REF!) -> #REF! | J12: =IF(OR(Sheet1!I10="",Sheet1!I10=FALSE),"",Sheet1!I10) | K12: =IF(OR(Sheet1!J10="",Sheet1!J10=FALSE),"",Sheet1!J10) | L12: =IF(OR(Sheet1!K10="",Sheet1!K10=FALSE),"",Sheet1!K10) | M12: =IF(OR(Sheet1!L10="",Sheet1!L10=FALSE),"",Sheet1!L10)
A13: =IF(Sheet1!A11="","",Sheet1!A11) | B13: =IF(OR(Sheet1!B11="",Sheet1!B11=FALSE),"",Sheet1!B11) | C13: =IF(OR(Sheet1!C11="",Sheet1!C11=FALSE),"",Sheet1!C11) | D13: =IF(OR(Sheet1!D11="",Sheet1!D11=FALSE),"",Sheet1!D11) | E13: =IF(OR(Sheet1!E11="",Sheet1!E11=FALSE),"",Sheet1!E11) | F13: =IF(OR(Sheet1!F11="",Sheet1!F11=FALSE),"",Sheet1!F11) | G13: =IF(OR(Sheet1!G11="",Sheet1!G11=FALSE),"",Sheet1!G11) | H13: =IF(OR(Sheet1!H11="",Sheet1!H11=FALSE),"",Sheet1!H11) | I13: =IF(OR(#REF!="",#REF!=FALSE),"",#REF!) -> #REF! | J13: =IF(OR(Sheet1!I11="",Sheet1!I11=FALSE),"",Sheet1!I11) | K13: =IF(OR(Sheet1!J11="",Sheet1!J11=FALSE),"",Sheet1!J11) | L13: =IF(OR(Sheet1!K11="",Sheet1!K11=FALSE),"",Sheet1!K11) | M13: =IF(OR(Sheet1!L11="",Sheet1!L11=FALSE),"",Sheet1!L11)
A14: =IF(Sheet1!A12="","",Sheet1!A12) | B14: =IF(OR(Sheet1!B12="",Sheet1!B12=FALSE),"",Sheet1!B12) | C14: =IF(OR(Sheet1!C12="",Sheet1!C12=FALSE),"",Sheet1!C12) | D14: =IF(OR(Sheet1!D12="",Sheet1!D12=FALSE),"",Sheet1!D12) | E14: =IF(OR(Sheet1!E12="",Sheet1!E12=FALSE),"",Sheet1!E12) | F14: =IF(OR(Sheet1!F12="",Sheet1!F12=FALSE),"",Sheet1!F12) | G14: =IF(OR(Sheet1!G12="",Sheet1!G12=FALSE),"",Sheet1!G12) | H14: =IF(OR(Sheet1!H12="",Sheet1!H12=FALSE),"",Sheet1!H12) | I14: =IF(OR(#REF!="",#REF!=FALSE),"",#REF!) -> #REF! | J14: =IF(OR(Sheet1!I12="",Sheet1!I12=FALSE),"",Sheet1!I12) | K14: =IF(OR(Sheet1!J12="",Sheet1!J12=FALSE),"",Sheet1!J12) | L14: =IF(OR(Sheet1!K12="",Sheet1!K12=FALSE),"",Sheet1!K12) | M14: =IF(OR(Sheet1!L12="",Sheet1!L12=FALSE),"",Sheet1!L12)
A15: =IF(Sheet1!A13="","",Sheet1!A13) | B15: =IF(OR(Sheet1!B13="",Sheet1!B13=FALSE),"",Sheet1!B13) | C15: =IF(OR(Sheet1!C13="",Sheet1!C13=FALSE),"",Sheet1!C13) | D15: =IF(OR(Sheet1!D13="",Sheet1!D13=FALSE),"",Sheet1!D13) | E15: =IF(OR(Sheet1!E13="",Sheet1!E13=FALSE),"",Sheet1!E13) | F15: =IF(OR(Sheet1!F13="",Sheet1!F13=FALSE),"",Sheet1!F13) | G15: =IF(OR(Sheet1!G13="",Sheet1!G13=FALSE),"",Sheet1!G13) | H15: =IF(OR(Sheet1!H13="",Sheet1!H13=FALSE),"",Sheet1!H13) | I15: =IF(OR(#REF!="",#REF!=FALSE),"",#REF!) -> #REF! | J15: =IF(OR(Sheet1!I13="",Sheet1!I13=FALSE),"",Sheet1!I13) | K15: =IF(OR(Sheet1!J13="",Sheet1!J13=FALSE),"",Sheet1!J13) | L15: =IF(OR(Sheet1!K13="",Sheet1!K13=FALSE),"",Sheet1!K13) | M15: =IF(OR(Sheet1!L13="",Sheet1!L13=FALSE),"",Sheet1!L13)
A16: =IF(Sheet1!A14="","",Sheet1!A14) | B16: =IF(OR(Sheet1!B14="",Sheet1!B14=FALSE),"",Sheet1!B14) | C16: =IF(OR(Sheet1!C14="",Sheet1!C14=FALSE),"",Sheet1!C14) | D16: =IF(OR(Sheet1!D14="",Sheet1!D14=FALSE),"",Sheet1!D14) | E16: =IF(OR(Sheet1!E14="",Sheet1!E14=FALSE),"",Sheet1!E14) | F16: =IF(OR(Sheet1!F14="",Sheet1!F14=FALSE),"",Sheet1!F14) | G16: =IF(OR(Sheet1!G14="",Sheet1!G14=FALSE),"",Sheet1!G14) | H16: =IF(OR(Sheet1!H14="",Sheet1!H14=FALSE),"",Sheet1!H14) | I16: =IF(OR(#REF!="",#REF!=FALSE),"",#REF!) -> #REF! | J16: =IF(OR(Sheet1!I14="",Sheet1!I14=FALSE),"",Sheet1!I14) | K16: =IF(OR(Sheet1!J14="",Sheet1!J14=FALSE),"",Sheet1!J14) | L16: =IF(OR(Sheet1!K14="",Sheet1!K14=FALSE),"",Sheet1!K14) | M16: =IF(OR(Sheet1!L14="",Sheet1!L14=FALSE),"",Sheet1!L14)
A17: =IF(Sheet1!A15="","",Sheet1!A15) | B17: =IF(OR(Sheet1!B15="",Sheet1!B15=FALSE),"",Sheet1!B15) | C17: =IF(OR(Sheet1!C15="",Sheet1!C15=FALSE),"",Sheet1!C15) | D17: =IF(OR(Sheet1!D15="",Sheet1!D15=FALSE),"",Sheet1!D15) | E17: =IF(OR(Sheet1!E15="",Sheet1!E15=FALSE),"",Sheet1!E15) | F17: =IF(OR(Sheet1!F15="",Sheet1!F15=FALSE),"",Sheet1!F15) | G17: =IF(OR(Sheet1!G15="",Sheet1!G15=FALSE),"",Sheet1!G15) | H17: =IF(OR(Sheet1!H15="",Sheet1!H15=FALSE),"",Sheet1!H15) | I17: =IF(OR(#REF!="",#REF!=FALSE),"",#REF!) -> #REF! | J17: =IF(OR(Sheet1!I15="",Sheet1!I15=FALSE),"",Sheet1!I15) | K17: =IF(OR(Sheet1!J15="",Sheet1!J15=FALSE),"",Sheet1!J15) | L17: =IF(OR(Sheet1!K15="",Sheet1!K15=FALSE),"",Sheet1!K15) | M17: =IF(OR(Sheet1!L15="",Sheet1!L15=FALSE),"",Sheet1!L15)
A18: =IF(Sheet1!A16="","",Sheet1!A16) | B18: =IF(OR(Sheet1!B16="",Sheet1!B16=FALSE),"",Sheet1!B16) | C18: =IF(OR(Sheet1!C16="",Sheet1!C16=FALSE),"",Sheet1!C16) | D18: =IF(OR(Sheet1!D16="",Sheet1!D16=FALSE),"",Sheet1!D16) | E18: =IF(OR(Sheet1!E16="",Sheet1!E16=FALSE),"",Sheet1!E16) | F18: =IF(OR(Sheet1!F16="",Sheet1!F16=FALSE),"",Sheet1!F16) | G18: =IF(OR(Sheet1!G16="",Sheet1!G16=FALSE),"",Sheet1!G16) | H18: =IF(OR(Sheet1!H16="",Sheet1!H16=FALSE),"",Sheet1!H16) | I18: =IF(OR(#REF!="",#REF!=FALSE),"",#REF!) -> #REF! | J18: =IF(OR(Sheet1!I16="",Sheet1!I16=FALSE),"",Sheet1!I16) | K18: =IF(OR(Sheet1!J16="",Sheet1!J16=FALSE),"",Sheet1!J16) | L18: =IF(OR(Sheet1!K16="",Sheet1!K16=FALSE),"",Sheet1!K16) | M18: =IF(OR(Sheet1!L16="",Sheet1!L16=FALSE),"",Sheet1!L16)
A19: =IF(#REF!="","",#REF!) -> #REF! | B19: =IF(OR(#REF!="",#REF!=FALSE),"",#REF!) -> #REF! | C19: =IF(OR(#REF!="",#REF!=FALSE),"",#REF!) -> #REF! | D19: =IF(OR(#REF!="",#REF!=FALSE),"",#REF!) -> #REF! | E19: =IF(OR(#REF!="",#REF!=FALSE),"",#REF!) -> #REF! | F19: =IF(OR(#REF!="",#REF!=FALSE),"",#REF!) -> #REF! | G19: =IF(OR(#REF!="",#REF!=FALSE),"",#REF!) -> #REF! | H19: =IF(OR(#REF!="",#REF!=FALSE),"",#REF!) -> #REF! | I19: =IF(OR(#REF!="",#REF!=FALSE),"",#REF!) -> #REF! | ... M19: =IF(OR(#REF!="",#REF!=FALSE),"",#REF!) -> #REF!
A20: =IF(Sheet1!A17="","",Sheet1!A17) | B20: =IF(OR(Sheet1!B17="",Sheet1!B17=FALSE),"",Sheet1!B17) | C20: =IF(OR(Sheet1!C17="",Sheet1!C17=FALSE),"",Sheet1!C17) | D20: =IF(OR(Sheet1!D17="",Sheet1!D17=FALSE),"",Sheet1!D17) | E20: =IF(OR(Sheet1!E17="",Sheet1!E17=FALSE),"",Sheet1!E17) | F20: =IF(OR(Sheet1!F17="",Sheet1!F17=FALSE),"",Sheet1!F17) | G20: =IF(OR(Sheet1!G17="",Sheet1!G17=FALSE),"",Sheet1!G17) | H20: =IF(OR(Sheet1!H17="",Sheet1!H17=FALSE),"",Sheet1!H17) | I20: =IF(OR(#REF!="",#REF!=FALSE),"",#REF!) -> #REF! | J20: =IF(OR(Sheet1!I17="",Sheet1!I17=FALSE),"",Sheet1!I17) | K20: =IF(OR(Sheet1!J17="",Sheet1!J17=FALSE),"",Sheet1!J17) | L20: =IF(OR(Sheet1!K17="",Sheet1!K17=FALSE),"",Sheet1!K17) | M20: =IF(OR(Sheet1!L17="",Sheet1!L17=FALSE),"",Sheet1!L17)
A21: =IF(Sheet1!A18="","",Sheet1!A18) | B21: =IF(OR(Sheet1!B18="",Sheet1!B18=FALSE),"",Sheet1!B18) | C21: =IF(OR(Sheet1!C18="",Sheet1!C18=FALSE),"",Sheet1!C18) | D21: =IF(OR(Sheet1!D18="",Sheet1!D18=FALSE),"",Sheet1!D18) | E21: =IF(OR(Sheet1!E18="",Sheet1!E18=FALSE),"",Sheet1!E18) | F21: =IF(OR(Sheet1!F18="",Sheet1!F18=FALSE),"",Sheet1!F18) | G21: =IF(OR(Sheet1!G18="",Sheet1!G18=FALSE),"",Sheet1!G18) | H21: =IF(OR(Sheet1!H18="",Sheet1!H18=FALSE),"",Sheet1!H18) | I21: =IF(OR(#REF!="",#REF!=FALSE),"",#REF!) -> #REF! | J21: =IF(OR(Sheet1!I18="",Sheet1!I18=FALSE),"",Sheet1!I18) | K21: =IF(OR(Sheet1!J18="",Sheet1!J18=FALSE),"",Sheet1!J18) | L21: =IF(OR(Sheet1!K18="",Sheet1!K18=FALSE),"",Sheet1!K18) | M21: =IF(OR(Sheet1!L18="",Sheet1!L18=FALSE),"",Sheet1!L18)
A22: =IF(Sheet1!A19="","",Sheet1!A19) | B22: =IF(OR(Sheet1!B19="",Sheet1!B19=FALSE),"",Sheet1!B19) | C22: =IF(OR(Sheet1!C19="",Sheet1!C19=FALSE),"",Sheet1!C19) | D22: =IF(OR(Sheet1!D19="",Sheet1!D19=FALSE),"",Sheet1!D19) | E22: =IF(OR(Sheet1!E19="",Sheet1!E19=FALSE),"",Sheet1!E19) | F22: =IF(OR(Sheet1!F19="",Sheet1!F19=FALSE),"",Sheet1!F19) | G22: =IF(OR(Sheet1!G19="",Sheet1!G19=FALSE),"",Sheet1!G19) | H22: =IF(OR(Sheet1!H19="",Sheet1!H19=FALSE),"",Sheet1!H19) | I22: =IF(OR(#REF!="",#REF!=FALSE),"",#REF!) -> #REF! | J22: =IF(OR(Sheet1!I19="",Sheet1!I19=FALSE),"",Sheet1!I19) | K22: =IF(OR(Sheet1!J19="",Sheet1!J19=FALSE),"",Sheet1!J19) | L22: =IF(OR(Sheet1!K19="",Sheet1!K19=FALSE),"",Sheet1!K19) | M22: =IF(OR(Sheet1!L19="",Sheet1!L19=FALSE),"",Sheet1!L19)
A23: =IF(Sheet1!A20="","",Sheet1!A20) | B23: =IF(OR(Sheet1!B20="",Sheet1!B20=FALSE),"",Sheet1!B20) | C23: =IF(OR(Sheet1!C20="",Sheet1!C20=FALSE),"",Sheet1!C20) | D23: =IF(OR(Sheet1!D20="",Sheet1!D20=FALSE),"",Sheet1!D20) | E23: =IF(OR(Sheet1!E20="",Sheet1!E20=FALSE),"",Sheet1!E20) | F23: =IF(OR(Sheet1!F20="",Sheet1!F20=FALSE),"",Sheet1!F20) | G23: =IF(OR(Sheet1!G20="",Sheet1!G20=FALSE),"",Sheet1!G20) | H23: =IF(OR(Sheet1!H20="",Sheet1!H20=FALSE),"",Sheet1!H20) | I23: =IF(OR(#REF!="",#REF!=FALSE),"",#REF!) -> #REF! | J23: =IF(OR(Sheet1!I20="",Sheet1!I20=FALSE),"",Sheet1!I20) | K23: =IF(OR(Sheet1!J20="",Sheet1!J20=FALSE),"",Sheet1!J20) | L23: =IF(OR(Sheet1!K20="",Sheet1!K20=FALSE),"",Sheet1!K20) | M23: =IF(OR(Sheet1!L20="",Sheet1!L20=FALSE),"",Sheet1!L20)
A24: =IF(Sheet1!A21="","",Sheet1!A21) | B24: =IF(OR(Sheet1!B21="",Sheet1!B21=FALSE),"",Sheet1!B21) | C24: =IF(OR(Sheet1!C21="",Sheet1!C21=FALSE),"",Sheet1!C21) | D24: =IF(OR(Sheet1!D21="",Sheet1!D21=FALSE),"",Sheet1!D21) | E24: =IF(OR(Sheet1!E21="",Sheet1!E21=FALSE),"",Sheet1!E21) | F24: =IF(OR(Sheet1!F21="",Sheet1!F21=FALSE),"",Sheet1!F21) | G24: =IF(OR(Sheet1!G21="",Sheet1!G21=FALSE),"",Sheet1!G21) | H24: =IF(OR(Sheet1!H21="",Sheet1!H21=FALSE),"",Sheet1!H21) | I24: =IF(OR(#REF!="",#REF!=FALSE),"",#REF!) -> #REF! | J24: =IF(OR(Sheet1!I21="",Sheet1!I21=FALSE),"",Sheet1!I21) | K24: =IF(OR(Sheet1!J21="",Sheet1!J21=FALSE),"",Sheet1!J21) | L24: =IF(OR(Sheet1!K21="",Sheet1!K21=FALSE),"",Sheet1!K21) | M24: =IF(OR(Sheet1!L21="",Sheet1!L21=FALSE),"",Sheet1!L21)
A25: =IF(Sheet1!A22="","",Sheet1!A22) | B25: =IF(OR(Sheet1!B22="",Sheet1!B22=FALSE),"",Sheet1!B22) | C25: =IF(OR(Sheet1!C22="",Sheet1!C22=FALSE),"",Sheet1!C22) | D25: =IF(OR(Sheet1!D22="",Sheet1!D22=FALSE),"",Sheet1!D22) | E25: =IF(OR(Sheet1!E22="",Sheet1!E22=FALSE),"",Sheet1!E22) | F25: =IF(OR(Sheet1!F22="",Sheet1!F22=FALSE),"",Sheet1!F22) | G25: =IF(OR(Sheet1!G22="",Sheet1!G22=FALSE),"",Sheet1!G22) | H25: =IF(OR(Sheet1!H22="",Sheet1!H22=FALSE),"",Sheet1!H22) | I25: =IF(OR(#REF!="",#REF!=FALSE),"",#REF!) -> #REF! | J25: =IF(OR(Sheet1!I22="",Sheet1!I22=FALSE),"",Sheet1!I22) | K25: =IF(OR(Sheet1!J22="",Sheet1!J22=FALSE),"",Sheet1!J22) | L25: =IF(OR(Sheet1!K22="",Sheet1!K22=FALSE),"",Sheet1!K22) | M25: =IF(OR(Sheet1!L22="",Sheet1!L22=FALSE),"",Sheet1!L22)
A26: =IF(Sheet1!A23="","",Sheet1!A23) | B26: =IF(OR(Sheet1!B23="",Sheet1!B23=FALSE),"",Sheet1!B23) | C26: =IF(OR(Sheet1!C23="",Sheet1!C23=FALSE),"",Sheet1!C23) | D26: =IF(OR(Sheet1!D23="",Sheet1!D23=FALSE),"",Sheet1!D23) | E26: =IF(OR(Sheet1!E23="",Sheet1!E23=FALSE),"",Sheet1!E23) | F26: =IF(OR(Sheet1!F23="",Sheet1!F23=FALSE),"",Sheet1!F23) | G26: =IF(OR(Sheet1!G23="",Sheet1!G23=FALSE),"",Sheet1!G23) | H26: =IF(OR(Sheet1!H23="",Sheet1!H23=FALSE),"",Sheet1!H23) | I26: =IF(OR(#REF!="",#REF!=FALSE),"",#REF!) -> #REF! | J26: =IF(OR(Sheet1!I23="",Sheet1!I23=FALSE),"",Sheet1!I23) | K26: =IF(OR(Sheet1!J23="",Sheet1!J23=FALSE),"",Sheet1!J23) | L26: =IF(OR(Sheet1!K23="",Sheet1!K23=FALSE),"",Sheet1!K23) | M26: =IF(OR(Sheet1!L23="",Sheet1!L23=FALSE),"",Sheet1!L23)
A27: =IF(Sheet1!A24="","",Sheet1!A24) | B27: =IF(OR(Sheet1!B24="",Sheet1!B24=FALSE),"",Sheet1!B24) | C27: =IF(OR(Sheet1!C24="",Sheet1!C24=FALSE),"",Sheet1!C24) | D27: =IF(OR(Sheet1!D24="",Sheet1!D24=FALSE),"",Sheet1!D24) | E27: =IF(OR(Sheet1!E24="",Sheet1!E24=FALSE),"",Sheet1!E24) | F27: =IF(OR(Sheet1!F24="",Sheet1!F24=FALSE),"",Sheet1!F24) | G27: =IF(OR(Sheet1!G24="",Sheet1!G24=FALSE),"",Sheet1!G24) | H27: =IF(OR(Sheet1!H24="",Sheet1!H24=FALSE),"",Sheet1!H24) | I27: =IF(OR(#REF!="",#REF!=FALSE),"",#REF!) -> #REF! | J27: =IF(OR(Sheet1!I24="",Sheet1!I24=FALSE),"",Sheet1!I24) | K27: =IF(OR(Sheet1!J24="",Sheet1!J24=FALSE),"",Sheet1!J24) | L27: =IF(OR(Sheet1!K24="",Sheet1!K24=FALSE),"",Sheet1!K24) | M27: =IF(OR(Sheet1!L24="",Sheet1!L24=FALSE),"",Sheet1!L24)
A28: =IF(Sheet1!A25="","",Sheet1!A25) | B28: =IF(OR(Sheet1!B25="",Sheet1!B25=FALSE),"",Sheet1!B25) | C28: =IF(OR(Sheet1!C25="",Sheet1!C25=FALSE),"",Sheet1!C25) | D28: =IF(OR(Sheet1!D25="",Sheet1!D25=FALSE),"",Sheet1!D25) | E28: =IF(OR(Sheet1!E25="",Sheet1!E25=FALSE),"",Sheet1!E25) | F28: =IF(OR(Sheet1!F25="",Sheet1!F25=FALSE),"",Sheet1!F25) | G28: =IF(OR(Sheet1!G25="",Sheet1!G25=FALSE),"",Sheet1!G25) | H28: =IF(OR(Sheet1!H25="",Sheet1!H25=FALSE),"",Sheet1!H25) | I28: =IF(OR(#REF!="",#REF!=FALSE),"",#REF!) -> #REF! | J28: =IF(OR(Sheet1!I25="",Sheet1!I25=FALSE),"",Sheet1!I25) | K28: =IF(OR(Sheet1!J25="",Sheet1!J25=FALSE),"",Sheet1!J25) | L28: =IF(OR(Sheet1!K25="",Sheet1!K25=FALSE),"",Sheet1!K25) | M28: =IF(OR(Sheet1!L25="",Sheet1!L25=FALSE),"",Sheet1!L25)
A29: =IF(Sheet1!A26="","",Sheet1!A26) | B29: =IF(OR(Sheet1!B26="",Sheet1!B26=FALSE),"",Sheet1!B26) | C29: =IF(OR(Sheet1!C26="",Sheet1!C26=FALSE),"",Sheet1!C26) | D29: =IF(OR(Sheet1!D26="",Sheet1!D26=FALSE),"",Sheet1!D26) | E29: =IF(OR(Sheet1!E26="",Sheet1!E26=FALSE),"",Sheet1!E26) | F29: =IF(OR(Sheet1!F26="",Sheet1!F26=FALSE),"",Sheet1!F26) | G29: =IF(OR(Sheet1!G26="",Sheet1!G26=FALSE),"",Sheet1!G26) | H29: =IF(OR(Sheet1!H26="",Sheet1!H26=FALSE),"",Sheet1!H26) | I29: =IF(OR(#REF!="",#REF!=FALSE),"",#REF!) -> #REF! | J29: =IF(OR(Sheet1!I26="",Sheet1!I26=FALSE),"",Sheet1!I26) | K29: =IF(OR(Sheet1!J26="",Sheet1!J26=FALSE),"",Sheet1!J26) | L29: =IF(OR(Sheet1!K26="",Sheet1!K26=FALSE),"",Sheet1!K26) | M29: =IF(OR(Sheet1!L26="",Sheet1!L26=FALSE),"",Sheet1!L26)
A30: =IF(Sheet1!A27="","",Sheet1!A27) | B30: =IF(OR(Sheet1!B27="",Sheet1!B27=FALSE),"",Sheet1!B27) | C30: =IF(OR(Sheet1!C27="",Sheet1!C27=FALSE),"",Sheet1!C27) | D30: =IF(OR(Sheet1!D27="",Sheet1!D27=FALSE),"",Sheet1!D27) | E30: =IF(OR(Sheet1!E27="",Sheet1!E27=FALSE),"",Sheet1!E27) | F30: =IF(OR(Sheet1!F27="",Sheet1!F27=FALSE),"",Sheet1!F27) | G30: =IF(OR(Sheet1!G27="",Sheet1!G27=FALSE),"",Sheet1!G27) | H30: =IF(OR(Sheet1!H27="",Sheet1!H27=FALSE),"",Sheet1!H27) | I30: =IF(OR(#REF!="",#REF!=FALSE),"",#REF!) -> #REF! | J30: =IF(OR(Sheet1!I27="",Sheet1!I27=FALSE),"",Sheet1!I27) | K30: =IF(OR(Sheet1!J27="",Sheet1!J27=FALSE),"",Sheet1!J27) | L30: =IF(OR(Sheet1!K27="",Sheet1!K27=FALSE),"",Sheet1!K27) | M30: =IF(OR(Sheet1!L27="",Sheet1!L27=FALSE),"",Sheet1!L27)
A31: =IF(Sheet1!A28="","",Sheet1!A28) | B31: =IF(OR(Sheet1!B28="",Sheet1!B28=FALSE),"",Sheet1!B28) | C31: =IF(OR(Sheet1!C28="",Sheet1!C28=FALSE),"",Sheet1!C28) | D31: =IF(OR(Sheet1!D28="",Sheet1!D28=FALSE),"",Sheet1!D28) | E31: =IF(OR(Sheet1!E28="",Sheet1!E28=FALSE),"",Sheet1!E28) | F31: =IF(OR(Sheet1!F28="",Sheet1!F28=FALSE),"",Sheet1!F28) | G31: =IF(OR(Sheet1!G28="",Sheet1!G28=FALSE),"",Sheet1!G28) | H31: =IF(OR(Sheet1!H28="",Sheet1!H28=FALSE),"",Sheet1!H28) | I31: =IF(OR(#REF!="",#REF!=FALSE),"",#REF!) -> #REF! | J31: =IF(OR(Sheet1!I28="",Sheet1!I28=FALSE),"",Sheet1!I28) | K31: =IF(OR(Sheet1!J28="",Sheet1!J28=FALSE),"",Sheet1!J28) | L31: =IF(OR(Sheet1!K28="",Sheet1!K28=FALSE),"",Sheet1!K28) | M31: =IF(OR(Sheet1!L28="",Sheet1!L28=FALSE),"",Sheet1!L28)
... A39: =IF(Sheet1!A36="","",Sheet1!A36) | B39: =IF(OR(Sheet1!B36="",Sheet1!B36=FALSE),"",Sheet1!B36) | C39: =IF(OR(Sheet1!C36="",Sheet1!C36=FALSE),"",Sheet1!C36) | D39: =IF(OR(Sheet1!D36="",Sheet1!D36=FALSE),"",Sheet1!D36) | E39: =IF(OR(Sheet1!E36="",Sheet1!E36=FALSE),"",Sheet1!E36) | F39: =IF(OR(Sheet1!F36="",Sheet1!F36=FALSE),"",Sheet1!F36) | G39: =IF(OR(Sheet1!G36="",Sheet1!G36=FALSE),"",Sheet1!G36) | H39: =IF(OR(Sheet1!H36="",Sheet1!H36=FALSE),"",Sheet1!H36) | I39: =IF(OR(#REF!="",#REF!=FALSE),"",#REF!) -> #REF! | J39: =IF(OR(Sheet1!I36="",Sheet1!I36=FALSE),"",Sheet1!I36) | K39: =IF(OR(Sheet1!J36="",Sheet1!J36=FALSE),"",Sheet1!J36) | L39: =IF(OR(Sheet1!K36="",Sheet1!K36=FALSE),"",Sheet1!K36) | M39: =IF(OR(Sheet1!L36="",Sheet1!L36=FALSE),"",Sheet1!L36)
A40: =IF(#REF!="","",#REF!) -> #REF! | B40: =IF(OR(#REF!="",#REF!=FALSE),"",#REF!) -> #REF! | C40: =IF(OR(#REF!="",#REF!=FALSE),"",#REF!) -> #REF! | D40: =IF(OR(#REF!="",#REF!=FALSE),"",#REF!) -> #REF! | E40: =IF(OR(#REF!="",#REF!=FALSE),"",#REF!) -> #REF! | F40: =IF(OR(#REF!="",#REF!=FALSE),"",#REF!) -> #REF! | G40: =IF(OR(#REF!="",#REF!=FALSE),"",#REF!) -> #REF! | H40: =IF(OR(#REF!="",#REF!=FALSE),"",#REF!) -> #REF! | I40: =IF(OR(#REF!="",#REF!=FALSE),"",#REF!) -> #REF! | ... M40: =IF(OR(#REF!="",#REF!=FALSE),"",#REF!) -> #REF!
A41: =IF(Sheet1!A37="","",Sheet1!A37) | B41: =IF(OR(Sheet1!B37="",Sheet1!B37=FALSE),"",Sheet1!B37) | C41: =IF(OR(Sheet1!C37="",Sheet1!C37=FALSE),"",Sheet1!C37) | D41: =IF(OR(Sheet1!D37="",Sheet1!D37=FALSE),"",Sheet1!D37) | E41: =IF(OR(Sheet1!E37="",Sheet1!E37=FALSE),"",Sheet1!E37) | F41: =IF(OR(Sheet1!F37="",Sheet1!F37=FALSE),"",Sheet1!F37) | G41: =IF(OR(Sheet1!G37="",Sheet1!G37=FALSE),"",Sheet1!G37) | H41: =IF(OR(Sheet1!H37="",Sheet1!H37=FALSE),"",Sheet1!H37) | I41: =IF(OR(#REF!="",#REF!=FALSE),"",#REF!) -> #REF! | J41: =IF(OR(Sheet1!I37="",Sheet1!I37=FALSE),"",Sheet1!I37) | K41: =IF(OR(Sheet1!J37="",Sheet1!J37=FALSE),"",Sheet1!J37) | L41: =IF(OR(Sheet1!K37="",Sheet1!K37=FALSE),"",Sheet1!K37) | M41: =IF(OR(Sheet1!L37="",Sheet1!L37=FALSE),"",Sheet1!L37)
A42: =IF(Sheet1!A38="","",Sheet1!A38) | B42: =IF(OR(Sheet1!B38="",Sheet1!B38=FALSE),"",Sheet1!B38) | C42: =IF(OR(Sheet1!C38="",Sheet1!C38=FALSE),"",Sheet1!C38) | D42: =IF(OR(Sheet1!D38="",Sheet1!D38=FALSE),"",Sheet1!D38) | E42: =IF(OR(Sheet1!E38="",Sheet1!E38=FALSE),"",Sheet1!E38) | F42: =IF(OR(Sheet1!F38="",Sheet1!F38=FALSE),"",Sheet1!F38) | G42: =IF(OR(Sheet1!G38="",Sheet1!G38=FALSE),"",Sheet1!G38) | H42: =IF(OR(Sheet1!H38="",Sheet1!H38=FALSE),"",Sheet1!H38) | I42: =IF(OR(#REF!="",#REF!=FALSE),"",#REF!) -> #REF! | J42: =IF(OR(Sheet1!I38="",Sheet1!I38=FALSE),"",Sheet1!I38) | K42: =IF(OR(Sheet1!J38="",Sheet1!J38=FALSE),"",Sheet1!J38) | L42: =IF(OR(Sheet1!K38="",Sheet1!K38=FALSE),"",Sheet1!K38) | M42: =IF(OR(Sheet1!L38="",Sheet1!L38=FALSE),"",Sheet1!L38)
A43: =IF(Sheet1!A39="","",Sheet1!A39) | B43: =IF(OR(Sheet1!B39="",Sheet1!B39=FALSE),"",Sheet1!B39) | C43: =IF(OR(Sheet1!C39="",Sheet1!C39=FALSE),"",Sheet1!C39) | D43: =IF(OR(Sheet1!D39="",Sheet1!D39=FALSE),"",Sheet1!D39) | E43: =IF(OR(Sheet1!E39="",Sheet1!E39=FALSE),"",Sheet1!E39) | F43: =IF(OR(Sheet1!F39="",Sheet1!F39=FALSE),"",Sheet1!F39) | G43: =IF(OR(Sheet1!G39="",Sheet1!G39=FALSE),"",Sheet1!G39) | H43: =IF(OR(Sheet1!H39="",Sheet1!H39=FALSE),"",Sheet1!H39) | I43: =IF(OR(#REF!="",#REF!=FALSE),"",#REF!) -> #REF! | J43: =IF(OR(Sheet1!I39="",Sheet1!I39=FALSE),"",Sheet1!I39) | K43: =IF(OR(Sheet1!J39="",Sheet1!J39=FALSE),"",Sheet1!J39) | L43: =IF(OR(Sheet1!K39="",Sheet1!K39=FALSE),"",Sheet1!K39) | M43: =IF(OR(Sheet1!L39="",Sheet1!L39=FALSE),"",Sheet1!L39)
A44: =IF(Sheet1!A40="","",Sheet1!A40) | B44: =IF(OR(Sheet1!B40="",Sheet1!B40=FALSE),"",Sheet1!B40) | C44: =IF(OR(Sheet1!C40="",Sheet1!C40=FALSE),"",Sheet1!C40) | D44: =IF(OR(Sheet1!D40="",Sheet1!D40=FALSE),"",Sheet1!D40) | E44: =IF(OR(Sheet1!E40="",Sheet1!E40=FALSE),"",Sheet1!E40) | F44: =IF(OR(Sheet1!F40="",Sheet1!F40=FALSE),"",Sheet1!F40) | G44: =IF(OR(Sheet1!G40="",Sheet1!G40=FALSE),"",Sheet1!G40) | H44: =IF(OR(Sheet1!H40="",Sheet1!H40=FALSE),"",Sheet1!H40) | I44: =IF(OR(#REF!="",#REF!=FALSE),"",#REF!) -> #REF! | J44: =IF(OR(Sheet1!I40="",Sheet1!I40=FALSE),"",Sheet1!I40) | K44: =IF(OR(Sheet1!J40="",Sheet1!J40=FALSE),"",Sheet1!J40) | L44: =IF(OR(Sheet1!K40="",Sheet1!K40=FALSE),"",Sheet1!K40) | M44: =IF(OR(Sheet1!L40="",Sheet1!L40=FALSE),"",Sheet1!L40)
A45: =IF(Sheet1!A41="","",Sheet1!A41) | B45: =IF(OR(Sheet1!B41="",Sheet1!B41=FALSE),"",Sheet1!B41) | C45: =IF(OR(Sheet1!C41="",Sheet1!C41=FALSE),"",Sheet1!C41) | D45: =IF(OR(Sheet1!D41="",Sheet1!D41=FALSE),"",Sheet1!D41) | E45: =IF(OR(Sheet1!E41="",Sheet1!E41=FALSE),"",Sheet1!E41) | F45: =IF(OR(Sheet1!F41="",Sheet1!F41=FALSE),"",Sheet1!F41) | G45: =IF(OR(Sheet1!G41="",Sheet1!G41=FALSE),"",Sheet1!G41) | H45: =IF(OR(Sheet1!H41="",Sheet1!H41=FALSE),"",Sheet1!H41) | I45: =IF(OR(#REF!="",#REF!=FALSE),"",#REF!) -> #REF! | J45: =IF(OR(Sheet1!I41="",Sheet1!I41=FALSE),"",Sheet1!I41) | K45: =IF(OR(Sheet1!J41="",Sheet1!J41=FALSE),"",Sheet1!J41) | L45: =IF(OR(Sheet1!K41="",Sheet1!K41=FALSE),"",Sheet1!K41) | M45: =IF(OR(Sheet1!L41="",Sheet1!L41=FALSE),"",Sheet1!L41)
A46: =IF(Sheet1!A42="","",Sheet1!A42) | B46: =IF(OR(Sheet1!B42="",Sheet1!B42=FALSE),"",Sheet1!B42) | C46: =IF(OR(Sheet1!C42="",Sheet1!C42=FALSE),"",Sheet1!C42) | D46: =IF(OR(Sheet1!D42="",Sheet1!D42=FALSE),"",Sheet1!D42) | E46: =IF(OR(Sheet1!E42="",Sheet1!E42=FALSE),"",Sheet1!E42) | F46: =IF(OR(Sheet1!F42="",Sheet1!F42=FALSE),"",Sheet1!F42) | G46: =IF(OR(Sheet1!G42="",Sheet1!G42=FALSE),"",Sheet1!G42) | H46: =IF(OR(Sheet1!H42="",Sheet1!H42=FALSE),"",Sheet1!H42) | I46: =IF(OR(#REF!="",#REF!=FALSE),"",#REF!) -> #REF! | J46: =IF(OR(Sheet1!I42="",Sheet1!I42=FALSE),"",Sheet1!I42) | K46: =IF(OR(Sheet1!J42="",Sheet1!J42=FALSE),"",Sheet1!J42) | L46: =IF(OR(Sheet1!K42="",Sheet1!K42=FALSE),"",Sheet1!K42) | M46: =IF(OR(Sheet1!L42="",Sheet1!L42=FALSE),"",Sheet1!L42)
A47: =IF(Sheet1!A43="","",Sheet1!A43) | B47: =IF(OR(Sheet1!B43="",Sheet1!B43=FALSE),"",Sheet1!B43) | C47: =IF(OR(Sheet1!C43="",Sheet1!C43=FALSE),"",Sheet1!C43) | D47: =IF(OR(Sheet1!D43="",Sheet1!D43=FALSE),"",Sheet1!D43) | E47: =IF(OR(Sheet1!E43="",Sheet1!E43=FALSE),"",Sheet1!E43) | F47: =IF(OR(Sheet1!F43="",Sheet1!F43=FALSE),"",Sheet1!F43) | G47: =IF(OR(Sheet1!G43="",Sheet1!G43=FALSE),"",Sheet1!G43) | H47: =IF(OR(Sheet1!H43="",Sheet1!H43=FALSE),"",Sheet1!H43) | I47: =IF(OR(#REF!="",#REF!=FALSE),"",#REF!) -> #REF! | J47: =IF(OR(Sheet1!I43="",Sheet1!I43=FALSE),"",Sheet1!I43) | K47: =IF(OR(Sheet1!J43="",Sheet1!J43=FALSE),"",Sheet1!J43) | L47: =IF(OR(Sheet1!K43="",Sheet1!K43=FALSE),"",Sheet1!K43) | M47: =IF(OR(Sheet1!L43="",Sheet1!L43=FALSE),"",Sheet1!L43)
A48: =IF(Sheet1!A44="","",Sheet1!A44) | B48: =IF(OR(Sheet1!B44="",Sheet1!B44=FALSE),"",Sheet1!B44) | C48: =IF(OR(Sheet1!C44="",Sheet1!C44=FALSE),"",Sheet1!C44) | D48: =IF(OR(Sheet1!D44="",Sheet1!D44=FALSE),"",Sheet1!D44) | E48: =IF(OR(Sheet1!E44="",Sheet1!E44=FALSE),"",Sheet1!E44) | F48: =IF(OR(Sheet1!F44="",Sheet1!F44=FALSE),"",Sheet1!F44) | G48: =IF(OR(Sheet1!G44="",Sheet1!G44=FALSE),"",Sheet1!G44) | H48: =IF(OR(Sheet1!H44="",Sheet1!H44=FALSE),"",Sheet1!H44) | I48: =IF(OR(#REF!="",#REF!=FALSE),"",#REF!) -> #REF! | J48: =IF(OR(Sheet1!I44="",Sheet1!I44=FALSE),"",Sheet1!I44) | K48: =IF(OR(Sheet1!J44="",Sheet1!J44=FALSE),"",Sheet1!J44) | L48: =IF(OR(Sheet1!K44="",Sheet1!K44=FALSE),"",Sheet1!K44) | M48: =IF(OR(Sheet1!L44="",Sheet1!L44=FALSE),"",Sheet1!L44)
A49: =IF(Sheet1!A45="","",Sheet1!A45) | B49: =IF(OR(Sheet1!B45="",Sheet1!B45=FALSE),"",Sheet1!B45) | C49: =IF(OR(Sheet1!C45="",Sheet1!C45=FALSE),"",Sheet1!C45) | D49: =IF(OR(Sheet1!D45="",Sheet1!D45=FALSE),"",Sheet1!D45) | E49: =IF(OR(Sheet1!E45="",Sheet1!E45=FALSE),"",Sheet1!E45) | F49: =IF(OR(Sheet1!F45="",Sheet1!F45=FALSE),"",Sheet1!F45) | G49: =IF(OR(Sheet1!G45="",Sheet1!G45=FALSE),"",Sheet1!G45) | H49: =IF(OR(Sheet1!H45="",Sheet1!H45=FALSE),"",Sheet1!H45) | I49: =IF(OR(#REF!="",#REF!=FALSE),"",#REF!) -> #REF! | J49: =IF(OR(Sheet1!I45="",Sheet1!I45=FALSE),"",Sheet1!I45) | K49: =IF(OR(Sheet1!J45="",Sheet1!J45=FALSE),"",Sheet1!J45) | L49: =IF(OR(Sheet1!K45="",Sheet1!K45=FALSE),"",Sheet1!K45) | M49: =IF(OR(Sheet1!L45="",Sheet1!L45=FALSE),"",Sheet1!L45)
A50: =IF(Sheet1!A46="","",Sheet1!A46) | B50: =IF(OR(Sheet1!B46="",Sheet1!B46=FALSE),"",Sheet1!B46) | C50: =IF(OR(Sheet1!C46="",Sheet1!C46=FALSE),"",Sheet1!C46) | D50: =IF(OR(Sheet1!D46="",Sheet1!D46=FALSE),"",Sheet1!D46) | E50: =IF(OR(Sheet1!E46="",Sheet1!E46=FALSE),"",Sheet1!E46) | F50: =IF(OR(Sheet1!F46="",Sheet1!F46=FALSE),"",Sheet1!F46) | G50: =IF(OR(Sheet1!G46="",Sheet1!G46=FALSE),"",Sheet1!G46) | H50: =IF(OR(Sheet1!H46="",Sheet1!H46=FALSE),"",Sheet1!H46) | I50: =IF(OR(#REF!="",#REF!=FALSE),"",#REF!) -> #REF! | J50: =IF(OR(Sheet1!I46="",Sheet1!I46=FALSE),"",Sheet1!I46) | K50: =IF(OR(Sheet1!J46="",Sheet1!J46=FALSE),"",Sheet1!J46) | L50: =IF(OR(Sheet1!K46="",Sheet1!K46=FALSE),"",Sheet1!K46) | M50: =IF(OR(Sheet1!L46="",Sheet1!L46=FALSE),"",Sheet1!L46)
A51: =IF(Sheet1!A47="","",Sheet1!A47) | B51: =IF(OR(Sheet1!B47="",Sheet1!B47=FALSE),"",Sheet1!B47) | C51: =IF(OR(Sheet1!C47="",Sheet1!C47=FALSE),"",Sheet1!C47) | D51: =IF(OR(Sheet1!D47="",Sheet1!D47=FALSE),"",Sheet1!D47) | E51: =IF(OR(Sheet1!E47="",Sheet1!E47=FALSE),"",Sheet1!E47) | F51: =IF(OR(Sheet1!F47="",Sheet1!F47=FALSE),"",Sheet1!F47) | G51: =IF(OR(Sheet1!G47="",Sheet1!G47=FALSE),"",Sheet1!G47) | H51: =IF(OR(Sheet1!H47="",Sheet1!H47=FALSE),"",Sheet1!H47) | I51: =IF(OR(#REF!="",#REF!=FALSE),"",#REF!) -> #REF! | J51: =IF(OR(Sheet1!I47="",Sheet1!I47=FALSE),"",Sheet1!I47) | K51: =IF(OR(Sheet1!J47="",Sheet1!J47=FALSE),"",Sheet1!J47) | L51: =IF(OR(Sheet1!K47="",Sheet1!K47=FALSE),"",Sheet1!K47) | M51: =IF(OR(Sheet1!L47="",Sheet1!L47=FALSE),"",Sheet1!L47)
A52: =IF(Sheet1!A48="","",Sheet1!A48) | B52: =IF(OR(Sheet1!B48="",Sheet1!B48=FALSE),"",Sheet1!B48) | C52: =IF(OR(Sheet1!C48="",Sheet1!C48=FALSE),"",Sheet1!C48) | D52: =IF(OR(Sheet1!D48="",Sheet1!D48=FALSE),"",Sheet1!D48) | E52: =IF(OR(Sheet1!E48="",Sheet1!E48=FALSE),"",Sheet1!E48) | F52: =IF(OR(Sheet1!F48="",Sheet1!F48=FALSE),"",Sheet1!F48) | G52: =IF(OR(Sheet1!G48="",Sheet1!G48=FALSE),"",Sheet1!G48) | H52: =IF(OR(Sheet1!H48="",Sheet1!H48=FALSE),"",Sheet1!H48) | I52: =IF(OR(#REF!="",#REF!=FALSE),"",#REF!) -> #REF! | J52: =IF(OR(Sheet1!I48="",Sheet1!I48=FALSE),"",Sheet1!I48) | K52: =IF(OR(Sheet1!J48="",Sheet1!J48=FALSE),"",Sheet1!J48) | L52: =IF(OR(Sheet1!K48="",Sheet1!K48=FALSE),"",Sheet1!K48) | M52: =IF(OR(Sheet1!L48="",Sheet1!L48=FALSE),"",Sheet1!L48)
... A54: =IF(Sheet1!A50="","",Sheet1!A50) | B54: =IF(OR(Sheet1!B50="",Sheet1!B50=FALSE),"",Sheet1!B50) | C54: =IF(OR(Sheet1!C50="",Sheet1!C50=FALSE),"",Sheet1!C50) | D54: =IF(OR(Sheet1!D50="",Sheet1!D50=FALSE),"",Sheet1!D50) | E54: =IF(OR(Sheet1!E50="",Sheet1!E50=FALSE),"",Sheet1!E50) | F54: =IF(OR(Sheet1!F50="",Sheet1!F50=FALSE),"",Sheet1!F50) | G54: =IF(OR(Sheet1!G50="",Sheet1!G50=FALSE),"",Sheet1!G50) | H54: =IF(OR(Sheet1!H50="",Sheet1!H50=FALSE),"",Sheet1!H50) | I54: =IF(OR(#REF!="",#REF!=FALSE),"",#REF!) -> #REF! | J54: =IF(OR(Sheet1!I50="",Sheet1!I50=FALSE),"",Sheet1!I50) | K54: =IF(OR(Sheet1!J50="",Sheet1!J50=FALSE),"",Sheet1!J50) | L54: =IF(OR(Sheet1!K50="",Sheet1!K50=FALSE),"",Sheet1!K50) | M54: =IF(OR(Sheet1!L50="",Sheet1!L50=FALSE),"",Sheet1!L50)
A55: =IF(#REF!="","",#REF!) -> #REF! | B55: =IF(OR(#REF!="",#REF!=FALSE),"",#REF!) -> #REF! | C55: =IF(OR(#REF!="",#REF!=FALSE),"",#REF!) -> #REF! | D55: =IF(OR(#REF!="",#REF!=FALSE),"",#REF!) -> #REF! | E55: =IF(OR(#REF!="",#REF!=FALSE),"",#REF!) -> #REF! | F55: =IF(OR(#REF!="",#REF!=FALSE),"",#REF!) -> #REF! | G55: =IF(OR(#REF!="",#REF!=FALSE),"",#REF!) -> #REF! | H55: =IF(OR(#REF!="",#REF!=FALSE),"",#REF!) -> #REF! | I55: =IF(OR(#REF!="",#REF!=FALSE),"",#REF!) -> #REF! | ... M55: =IF(OR(#REF!="",#REF!=FALSE),"",#REF!) -> #REF!
A56: =IF(Sheet1!A52="","",Sheet1!A52) | B56: =IF(OR(Sheet1!B52="",Sheet1!B52=FALSE),"",Sheet1!B52) | C56: =IF(OR(Sheet1!C52="",Sheet1!C52=FALSE),"",Sheet1!C52) | D56: =IF(OR(Sheet1!D52="",Sheet1!D52=FALSE),"",Sheet1!D52) | E56: =IF(OR(Sheet1!E52="",Sheet1!E52=FALSE),"",Sheet1!E52) | F56: =IF(OR(Sheet1!F52="",Sheet1!F52=FALSE),"",Sheet1!F52) | G56: =IF(OR(Sheet1!G52="",Sheet1!G52=FALSE),"",Sheet1!G52) | H56: =IF(OR(Sheet1!H52="",Sheet1!H52=FALSE),"",Sheet1!H52) | I56: =IF(OR(#REF!="",#REF!=FALSE),"",#REF!) -> #REF! | J56: =IF(OR(Sheet1!I52="",Sheet1!I52=FALSE),"",Sheet1!I52) | K56: =IF(OR(Sheet1!J52="",Sheet1!J52=FALSE),"",Sheet1!J52) | L56: =IF(OR(Sheet1!K52="",Sheet1!K52=FALSE),"",Sheet1!K52) | M56: =IF(OR(Sheet1!L52="",Sheet1!L52=FALSE),"",Sheet1!L52)
A57: =IF(Sheet1!A53="","",Sheet1!A53) | B57: =IF(OR(Sheet1!B53="",Sheet1!B53=FALSE),"",Sheet1!B53) | C57: =IF(OR(Sheet1!C53="",Sheet1!C53=FALSE),"",Sheet1!C53) | D57: =IF(OR(Sheet1!D53="",Sheet1!D53=FALSE),"",Sheet1!D53) | E57: =IF(OR(Sheet1!E53="",Sheet1!E53=FALSE),"",Sheet1!E53) | F57: =IF(OR(Sheet1!F53="",Sheet1!F53=FALSE),"",Sheet1!F53) | G57: =IF(OR(Sheet1!G53="",Sheet1!G53=FALSE),"",Sheet1!G53) | H57: =IF(OR(Sheet1!H53="",Sheet1!H53=FALSE),"",Sheet1!H53) | I57: =IF(OR(#REF!="",#REF!=FALSE),"",#REF!) -> #REF! | J57: =IF(OR(Sheet1!I53="",Sheet1!I53=FALSE),"",Sheet1!I53) | K57: =IF(OR(Sheet1!J53="",Sheet1!J53=FALSE),"",Sheet1!J53) | L57: =IF(OR(Sheet1!K53="",Sheet1!K53=FALSE),"",Sheet1!K53) | M57: =IF(OR(Sheet1!L53="",Sheet1!L53=FALSE),"",Sheet1!L53)
A58: =IF(Sheet1!A54="","",Sheet1!A54) | B58: =IF(OR(Sheet1!B54="",Sheet1!B54=FALSE),"",Sheet1!B54) | C58: =IF(OR(Sheet1!C54="",Sheet1!C54=FALSE),"",Sheet1!C54) | D58: =IF(OR(Sheet1!D54="",Sheet1!D54=FALSE),"",Sheet1!D54) | E58: =IF(OR(Sheet1!E54="",Sheet1!E54=FALSE),"",Sheet1!E54) | F58: =IF(OR(Sheet1!F54="",Sheet1!F54=FALSE),"",Sheet1!F54) | G58: =IF(OR(Sheet1!G54="",Sheet1!G54=FALSE),"",Sheet1!G54) | H58: =IF(OR(Sheet1!H54="",Sheet1!H54=FALSE),"",Sheet1!H54) | I58: =IF(OR(#REF!="",#REF!=FALSE),"",#REF!) -> #REF! | J58: =IF(OR(Sheet1!I54="",Sheet1!I54=FALSE),"",Sheet1!I54) | K58: =IF(OR(Sheet1!J54="",Sheet1!J54=FALSE),"",Sheet1!J54) | L58: =IF(OR(Sheet1!K54="",Sheet1!K54=FALSE),"",Sheet1!K54) | M58: =IF(OR(Sheet1!L54="",Sheet1!L54=FALSE),"",Sheet1!L54)
A59: =IF(Sheet1!A55="","",Sheet1!A55) | B59: =IF(OR(Sheet1!B55="",Sheet1!B55=FALSE),"",Sheet1!B55) | C59: =IF(OR(Sheet1!C55="",Sheet1!C55=FALSE),"",Sheet1!C55) | D59: =IF(OR(Sheet1!D55="",Sheet1!D55=FALSE),"",Sheet1!D55) | E59: =IF(OR(Sheet1!E55="",Sheet1!E55=FALSE),"",Sheet1!E55) | F59: =IF(OR(Sheet1!F55="",Sheet1!F55=FALSE),"",Sheet1!F55) | G59: =IF(OR(Sheet1!G55="",Sheet1!G55=FALSE),"",Sheet1!G55) | H59: =IF(OR(Sheet1!H55="",Sheet1!H55=FALSE),"",Sheet1!H55) | I59: =IF(OR(#REF!="",#REF!=FALSE),"",#REF!) -> #REF! | J59: =IF(OR(Sheet1!I55="",Sheet1!I55=FALSE),"",Sheet1!I55) | K59: =IF(OR(Sheet1!J55="",Sheet1!J55=FALSE),"",Sheet1!J55) | L59: =IF(OR(Sheet1!K55="",Sheet1!K55=FALSE),"",Sheet1!K55) | M59: =IF(OR(Sheet1!L55="",Sheet1!L55=FALSE),"",Sheet1!L55)
A60: =IF(#REF!="","",#REF!) -> #REF! | B60: =IF(OR(#REF!="",#REF!=FALSE),"",#REF!) -> #REF! | C60: =IF(OR(#REF!="",#REF!=FALSE),"",#REF!) -> #REF! | D60: =IF(OR(#REF!="",#REF!=FALSE),"",#REF!) -> #REF! | E60: =IF(OR(#REF!="",#REF!=FALSE),"",#REF!) -> #REF! | F60: =IF(OR(#REF!="",#REF!=FALSE),"",#REF!) -> #REF! | G60: =IF(OR(#REF!="",#REF!=FALSE),"",#REF!) -> #REF! | H60: =IF(OR(#REF!="",#REF!=FALSE),"",#REF!) -> #REF! | I60: =IF(OR(#REF!="",#REF!=FALSE),"",#REF!) -> #REF! | ... M60: =IF(OR(#REF!="",#REF!=FALSE),"",#REF!) -> #REF!
A61: =IF(Sheet1!A56="","",Sheet1!A56) | B61: =IF(OR(Sheet1!B56="",Sheet1!B56=FALSE),"",Sheet1!B56) | C61: =IF(OR(Sheet1!C56="",Sheet1!C56=FALSE),"",Sheet1!C56) | D61: =IF(OR(Sheet1!D56="",Sheet1!D56=FALSE),"",Sheet1!D56) | E61: =IF(OR(Sheet1!E56="",Sheet1!E56=FALSE),"",Sheet1!E56) | F61: =IF(OR(Sheet1!F56="",Sheet1!F56=FALSE),"",Sheet1!F56) | G61: =IF(OR(Sheet1!G56="",Sheet1!G56=FALSE),"",Sheet1!G56) | H61: =IF(OR(Sheet1!H56="",Sheet1!H56=FALSE),"",Sheet1!H56) | I61: =IF(OR(#REF!="",#REF!=FALSE),"",#REF!) -> #REF! | J61: =IF(OR(Sheet1!I56="",Sheet1!I56=FALSE),"",Sheet1!I56) | K61: =IF(OR(Sheet1!J56="",Sheet1!J56=FALSE),"",Sheet1!J56) | L61: =IF(OR(Sheet1!K56="",Sheet1!K56=FALSE),"",Sheet1!K56) | M61: =IF(OR(Sheet1!L56="",Sheet1!L56=FALSE),"",Sheet1!L56)
A62: =IF(#REF!="","",#REF!) -> #REF! | B62: =IF(OR(#REF!="",#REF!=FALSE),"",#REF!) -> #REF! | C62: =IF(OR(#REF!="",#REF!=FALSE),"",#REF!) -> #REF! | D62: =IF(OR(#REF!="",#REF!=FALSE),"",#REF!) -> #REF! | E62: =IF(OR(#REF!="",#REF!=FALSE),"",#REF!) -> #REF! | F62: =IF(OR(#REF!="",#REF!=FALSE),"",#REF!) -> #REF! | G62: =IF(OR(#REF!="",#REF!=FALSE),"",#REF!) -> #REF! | H62: =IF(OR(#REF!="",#REF!=FALSE),"",#REF!) -> #REF! | I62: =IF(OR(#REF!="",#REF!=FALSE),"",#REF!) -> #REF! | ... M62: =IF(OR(#REF!="",#REF!=FALSE),"",#REF!) -> #REF!
A63: =IF(#REF!="","",#REF!) -> #REF! | B63: =IF(OR(#REF!="",#REF!=FALSE),"",#REF!) -> #REF! | C63: =IF(OR(#REF!="",#REF!=FALSE),"",#REF!) -> #REF! | D63: =IF(OR(#REF!="",#REF!=FALSE),"",#REF!) -> #REF! | E63: =IF(OR(#REF!="",#REF!=FALSE),"",#REF!) -> #REF! | F63: =IF(OR(#REF!="",#REF!=FALSE),"",#REF!) -> #REF! | G63: =IF(OR(#REF!="",#REF!=FALSE),"",#REF!) -> #REF! | H63: =IF(OR(#REF!="",#REF!=FALSE),"",#REF!) -> #REF! | I63: =IF(OR(#REF!="",#REF!=FALSE),"",#REF!) -> #REF! | ... M63: =IF(OR(#REF!="",#REF!=FALSE),"",#REF!) -> #REF!
A64: =IF(#REF!="","",#REF!) -> #REF! | B64: =IF(OR(#REF!="",#REF!=FALSE),"",#REF!) -> #REF! | C64: =IF(OR(#REF!="",#REF!=FALSE),"",#REF!) -> #REF! | D64: =IF(OR(#REF!="",#REF!=FALSE),"",#REF!) -> #REF! | E64: =IF(OR(#REF!="",#REF!=FALSE),"",#REF!) -> #REF! | F64: =IF(OR(#REF!="",#REF!=FALSE),"",#REF!) -> #REF! | G64: =IF(OR(#REF!="",#REF!=FALSE),"",#REF!) -> #REF! | H64: =IF(OR(#REF!="",#REF!=FALSE),"",#REF!) -> #REF! | I64: =IF(OR(#REF!="",#REF!=FALSE),"",#REF!) -> #REF! | ... M64: =IF(OR(#REF!="",#REF!=FALSE),"",#REF!) -> #REF!
A65: =IF(Sheet1!A57="","",Sheet1!A57) | B65: =IF(OR(Sheet1!B57="",Sheet1!B57=FALSE),"",Sheet1!B57) | C65: =IF(OR(Sheet1!C57="",Sheet1!C57=FALSE),"",Sheet1!C57) | D65: =IF(OR(Sheet1!D57="",Sheet1!D57=FALSE),"",Sheet1!D57) | E65: =IF(OR(Sheet1!E57="",Sheet1!E57=FALSE),"",Sheet1!E57) | F65: =IF(OR(Sheet1!F57="",Sheet1!F57=FALSE),"",Sheet1!F57) | G65: =IF(OR(Sheet1!G57="",Sheet1!G57=FALSE),"",Sheet1!G57) | H65: =IF(OR(Sheet1!H57="",Sheet1!H57=FALSE),"",Sheet1!H57) | I65: =IF(OR(#REF!="",#REF!=FALSE),"",#REF!) -> #REF! | J65: =IF(OR(Sheet1!I57="",Sheet1!I57=FALSE),"",Sheet1!I57) | K65: =IF(OR(Sheet1!J57="",Sheet1!J57=FALSE),"",Sheet1!J57) | L65: =IF(OR(Sheet1!K57="",Sheet1!K57=FALSE),"",Sheet1!K57) | M65: =IF(OR(Sheet1!L57="",Sheet1!L57=FALSE),"",Sheet1!L57)
A66: =IF(Sheet1!A58="","",Sheet1!A58) | B66: =IF(OR(Sheet1!B58="",Sheet1!B58=FALSE),"",Sheet1!B58) | C66: =IF(OR(Sheet1!C58="",Sheet1!C58=FALSE),"",Sheet1!C58) | D66: =IF(OR(Sheet1!D58="",Sheet1!D58=FALSE),"",Sheet1!D58) | E66: =IF(OR(Sheet1!E58="",Sheet1!E58=FALSE),"",Sheet1!E58) | F66: =IF(OR(Sheet1!F58="",Sheet1!F58=FALSE),"",Sheet1!F58) | G66: =IF(OR(Sheet1!G58="",Sheet1!G58=FALSE),"",Sheet1!G58) | H66: =IF(OR(Sheet1!H58="",Sheet1!H58=FALSE),"",Sheet1!H58) | I66: =IF(OR(#REF!="",#REF!=FALSE),"",#REF!) -> #REF! | J66: =IF(OR(Sheet1!I58="",Sheet1!I58=FALSE),"",Sheet1!I58) | K66: =IF(OR(Sheet1!J58="",Sheet1!J58=FALSE),"",Sheet1!J58) | L66: =IF(OR(Sheet1!K58="",Sheet1!K58=FALSE),"",Sheet1!K58) | M66: =IF(OR(Sheet1!L58="",Sheet1!L58=FALSE),"",Sheet1!L58)
A67: =IF(Sheet1!A59="","",Sheet1!A59) | B67: =IF(OR(Sheet1!B59="",Sheet1!B59=FALSE),"",Sheet1!B59) | C67: =IF(OR(Sheet1!C59="",Sheet1!C59=FALSE),"",Sheet1!C59) | D67: =IF(OR(Sheet1!D59="",Sheet1!D59=FALSE),"",Sheet1!D59) | E67: =IF(OR(Sheet1!E59="",Sheet1!E59=FALSE),"",Sheet1!E59) | F67: =IF(OR(Sheet1!F59="",Sheet1!F59=FALSE),"",Sheet1!F59) | G67: =IF(OR(Sheet1!G59="",Sheet1!G59=FALSE),"",Sheet1!G59) | H67: =IF(OR(Sheet1!H59="",Sheet1!H59=FALSE),"",Sheet1!H59) | I67: =IF(OR(#REF!="",#REF!=FALSE),"",#REF!) -> #REF! | J67: =IF(OR(Sheet1!I59="",Sheet1!I59=FALSE),"",Sheet1!I59) | K67: =IF(OR(Sheet1!J59="",Sheet1!J59=FALSE),"",Sheet1!J59) | L67: =IF(OR(Sheet1!K59="",Sheet1!K59=FALSE),"",Sheet1!K59) | M67: =IF(OR(Sheet1!L59="",Sheet1!L59=FALSE),"",Sheet1!L59)
A68: =IF(Sheet1!A60="","",Sheet1!A60) | B68: =IF(OR(Sheet1!B60="",Sheet1!B60=FALSE),"",Sheet1!B60) | C68: =IF(OR(Sheet1!C60="",Sheet1!C60=FALSE),"",Sheet1!C60) | D68: =IF(OR(Sheet1!D60="",Sheet1!D60=FALSE),"",Sheet1!D60) | E68: =IF(OR(Sheet1!E60="",Sheet1!E60=FALSE),"",Sheet1!E60) | F68: =IF(OR(Sheet1!F60="",Sheet1!F60=FALSE),"",Sheet1!F60) | G68: =IF(OR(Sheet1!G60="",Sheet1!G60=FALSE),"",Sheet1!G60) | H68: =IF(OR(Sheet1!H60="",Sheet1!H60=FALSE),"",Sheet1!H60) | I68: =IF(OR(#REF!="",#REF!=FALSE),"",#REF!) -> #REF! | J68: =IF(OR(Sheet1!I60="",Sheet1!I60=FALSE),"",Sheet1!I60) | K68: =IF(OR(Sheet1!J60="",Sheet1!J60=FALSE),"",Sheet1!J60) | L68: =IF(OR(Sheet1!K60="",Sheet1!K60=FALSE),"",Sheet1!K60) | M68: =IF(OR(Sheet1!L60="",Sheet1!L60=FALSE),"",Sheet1!L60)
A69: =IF(Sheet1!A61="","",Sheet1!A61) | B69: =IF(OR(Sheet1!B61="",Sheet1!B61=FALSE),"",Sheet1!B61) | C69: =IF(OR(Sheet1!C61="",Sheet1!C61=FALSE),"",Sheet1!C61) | D69: =IF(OR(Sheet1!D61="",Sheet1!D61=FALSE),"",Sheet1!D61) | E69: =IF(OR(Sheet1!E61="",Sheet1!E61=FALSE),"",Sheet1!E61) | F69: =IF(OR(Sheet1!F61="",Sheet1!F61=FALSE),"",Sheet1!F61) | G69: =IF(OR(Sheet1!G61="",Sheet1!G61=FALSE),"",Sheet1!G61) | H69: =IF(OR(Sheet1!H61="",Sheet1!H61=FALSE),"",Sheet1!H61) | I69: =IF(OR(#REF!="",#REF!=FALSE),"",#REF!) -> #REF! | J69: =IF(OR(Sheet1!I61="",Sheet1!I61=FALSE),"",Sheet1!I61) | K69: =IF(OR(Sheet1!J61="",Sheet1!J61=FALSE),"",Sheet1!J61) | L69: =IF(OR(Sheet1!K61="",Sheet1!K61=FALSE),"",Sheet1!K61) | M69: =IF(OR(Sheet1!L61="",Sheet1!L61=FALSE),"",Sheet1!L61)
A70: =IF(Sheet1!A62="","",Sheet1!A62) | B70: =IF(OR(Sheet1!B62="",Sheet1!B62=FALSE),"",Sheet1!B62) | C70: =IF(OR(Sheet1!C62="",Sheet1!C62=FALSE),"",Sheet1!C62) | D70: =IF(OR(Sheet1!D62="",Sheet1!D62=FALSE),"",Sheet1!D62) | E70: =IF(OR(Sheet1!E62="",Sheet1!E62=FALSE),"",Sheet1!E62) | F70: =IF(OR(Sheet1!F62="",Sheet1!F62=FALSE),"",Sheet1!F62) | G70: =IF(OR(Sheet1!G62="",Sheet1!G62=FALSE),"",Sheet1!G62) | H70: =IF(OR(Sheet1!H62="",Sheet1!H62=FALSE),"",Sheet1!H62) | I70: =IF(OR(#REF!="",#REF!=FALSE),"",#REF!) -> #REF! | J70: =IF(OR(Sheet1!I62="",Sheet1!I62=FALSE),"",Sheet1!I62) | K70: =IF(OR(Sheet1!J62="",Sheet1!J62=FALSE),"",Sheet1!J62) | L70: =IF(OR(Sheet1!K62="",Sheet1!K62=FALSE),"",Sheet1!K62) | M70: =IF(OR(Sheet1!L62="",Sheet1!L62=FALSE),"",Sheet1!L62)
A71: =IF(Sheet1!A63="","",Sheet1!A63) | B71: =IF(OR(Sheet1!B63="",Sheet1!B63=FALSE),"",Sheet1!B63) | C71: =IF(OR(Sheet1!C63="",Sheet1!C63=FALSE),"",Sheet1!C63) | D71: =IF(OR(Sheet1!D63="",Sheet1!D63=FALSE),"",Sheet1!D63) | E71: =IF(OR(Sheet1!E63="",Sheet1!E63=FALSE),"",Sheet1!E63) | F71: =IF(OR(Sheet1!F63="",Sheet1!F63=FALSE),"",Sheet1!F63) | G71: =IF(OR(Sheet1!G63="",Sheet1!G63=FALSE),"",Sheet1!G63) | H71: =IF(OR(Sheet1!H63="",Sheet1!H63=FALSE),"",Sheet1!H63) | I71: =IF(OR(#REF!="",#REF!=FALSE),"",#REF!) -> #REF! | J71: =IF(OR(Sheet1!I63="",Sheet1!I63=FALSE),"",Sheet1!I63) | K71: =IF(OR(Sheet1!J63="",Sheet1!J63=FALSE),"",Sheet1!J63) | L71: =IF(OR(Sheet1!K63="",Sheet1!K63=FALSE),"",Sheet1!K63) | M71: =IF(OR(Sheet1!L63="",Sheet1!L63=FALSE),"",Sheet1!L63)
A72: =IF(Sheet1!A64="","",Sheet1!A64) | B72: =IF(OR(Sheet1!B64="",Sheet1!B64=FALSE),"",Sheet1!B64) | C72: =IF(OR(Sheet1!C64="",Sheet1!C64=FALSE),"",Sheet1!C64) | D72: =IF(OR(Sheet1!D64="",Sheet1!D64=FALSE),"",Sheet1!D64) | E72: =IF(OR(Sheet1!E64="",Sheet1!E64=FALSE),"",Sheet1!E64) | F72: =IF(OR(Sheet1!F64="",Sheet1!F64=FALSE),"",Sheet1!F64) | G72: =IF(OR(Sheet1!G64="",Sheet1!G64=FALSE),"",Sheet1!G64) | H72: =IF(OR(Sheet1!H64="",Sheet1!H64=FALSE),"",Sheet1!H64) | I72: =IF(OR(#REF!="",#REF!=FALSE),"",#REF!) -> #REF! | J72: =IF(OR(Sheet1!I64="",Sheet1!I64=FALSE),"",Sheet1!I64) | K72: =IF(OR(Sheet1!J64="",Sheet1!J64=FALSE),"",Sheet1!J64) | L72: =IF(OR(Sheet1!K64="",Sheet1!K64=FALSE),"",Sheet1!K64) | M72: =IF(OR(Sheet1!L64="",Sheet1!L64=FALSE),"",Sheet1!L64)
A73: =IF(Sheet1!A65="","",Sheet1!A65) | B73: =IF(OR(Sheet1!B65="",Sheet1!B65=FALSE),"",Sheet1!B65) | C73: =IF(OR(Sheet1!C65="",Sheet1!C65=FALSE),"",Sheet1!C65) | D73: =IF(OR(Sheet1!D65="",Sheet1!D65=FALSE),"",Sheet1!D65) | E73: =IF(OR(Sheet1!E65="",Sheet1!E65=FALSE),"",Sheet1!E65) | F73: =IF(OR(Sheet1!F65="",Sheet1!F65=FALSE),"",Sheet1!F65) | G73: =IF(OR(Sheet1!G65="",Sheet1!G65=FALSE),"",Sheet1!G65) | H73: =IF(OR(Sheet1!H65="",Sheet1!H65=FALSE),"",Sheet1!H65) | I73: =IF(OR(#REF!="",#REF!=FALSE),"",#REF!) -> #REF! | J73: =IF(OR(Sheet1!I65="",Sheet1!I65=FALSE),"",Sheet1!I65) | K73: =IF(OR(Sheet1!J65="",Sheet1!J65=FALSE),"",Sheet1!J65) | L73: =IF(OR(Sheet1!K65="",Sheet1!K65=FALSE),"",Sheet1!K65) | M73: =IF(OR(Sheet1!L65="",Sheet1!L65=FALSE),"",Sheet1!L65)
A74: =IF(Sheet1!A66="","",Sheet1!A66) | B74: =IF(OR(Sheet1!B66="",Sheet1!B66=FALSE),"",Sheet1!B66) | C74: =IF(OR(Sheet1!C66="",Sheet1!C66=FALSE),"",Sheet1!C66) | D74: =IF(OR(Sheet1!D66="",Sheet1!D66=FALSE),"",Sheet1!D66) | E74: =IF(OR(Sheet1!E66="",Sheet1!E66=FALSE),"",Sheet1!E66) | F74: =IF(OR(Sheet1!F66="",Sheet1!F66=FALSE),"",Sheet1!F66) | G74: =IF(OR(Sheet1!G66="",Sheet1!G66=FALSE),"",Sheet1!G66) | H74: =IF(OR(Sheet1!H66="",Sheet1!H66=FALSE),"",Sheet1!H66) | I74: =IF(OR(#REF!="",#REF!=FALSE),"",#REF!) -> #REF! | J74: =IF(OR(Sheet1!I66="",Sheet1!I66=FALSE),"",Sheet1!I66) | K74: =IF(OR(Sheet1!J66="",Sheet1!J66=FALSE),"",Sheet1!J66) | L74: =IF(OR(Sheet1!K66="",Sheet1!K66=FALSE),"",Sheet1!K66) | M74: =IF(OR(Sheet1!L66="",Sheet1!L66=FALSE),"",Sheet1!L66)
A75: =IF(Sheet1!A67="","",Sheet1!A67) | B75: =IF(OR(Sheet1!B67="",Sheet1!B67=FALSE),"",Sheet1!B67) | C75: =IF(OR(Sheet1!C67="",Sheet1!C67=FALSE),"",Sheet1!C67) | D75: =IF(OR(Sheet1!D67="",Sheet1!D67=FALSE),"",Sheet1!D67) | E75: =IF(OR(Sheet1!E67="",Sheet1!E67=FALSE),"",Sheet1!E67) | F75: =IF(OR(Sheet1!F67="",Sheet1!F67=FALSE),"",Sheet1!F67) | G75: =IF(OR(Sheet1!G67="",Sheet1!G67=FALSE),"",Sheet1!G67) | H75: =IF(OR(Sheet1!H67="",Sheet1!H67=FALSE),"",Sheet1!H67) | I75: =IF(OR(#REF!="",#REF!=FALSE),"",#REF!) -> #REF! | J75: =IF(OR(Sheet1!I67="",Sheet1!I67=FALSE),"",Sheet1!I67) | K75: =IF(OR(Sheet1!J67="",Sheet1!J67=FALSE),"",Sheet1!J67) | L75: =IF(OR(Sheet1!K67="",Sheet1!K67=FALSE),"",Sheet1!K67) | M75: =IF(OR(Sheet1!L67="",Sheet1!L67=FALSE),"",Sheet1!L67)
A76: =IF(#REF!="","",#REF!) -> #REF! | B76: =IF(OR(#REF!="",#REF!=FALSE),"",#REF!) -> #REF! | C76: =IF(OR(#REF!="",#REF!=FALSE),"",#REF!) -> #REF! | D76: =IF(OR(#REF!="",#REF!=FALSE),"",#REF!) -> #REF! | E76: =IF(OR(#REF!="",#REF!=FALSE),"",#REF!) -> #REF! | F76: =IF(OR(#REF!="",#REF!=FALSE),"",#REF!) -> #REF! | G76: =IF(OR(#REF!="",#REF!=FALSE),"",#REF!) -> #REF! | H76: =IF(OR(#REF!="",#REF!=FALSE),"",#REF!) -> #REF! | I76: =IF(OR(#REF!="",#REF!=FALSE),"",#REF!) -> #REF! | ... M76: =IF(OR(#REF!="",#REF!=FALSE),"",#REF!) -> #REF!
A77: =IF(Sheet1!A68="","",Sheet1!A68) | B77: =IF(OR(Sheet1!B68="",Sheet1!B68=FALSE),"",Sheet1!B68) | C77: =IF(OR(Sheet1!C68="",Sheet1!C68=FALSE),"",Sheet1!C68) | D77: =IF(OR(Sheet1!D68="",Sheet1!D68=FALSE),"",Sheet1!D68) | E77: =IF(OR(Sheet1!E68="",Sheet1!E68=FALSE),"",Sheet1!E68) | F77: =IF(OR(Sheet1!F68="",Sheet1!F68=FALSE),"",Sheet1!F68) | G77: =IF(OR(Sheet1!G68="",Sheet1!G68=FALSE),"",Sheet1!G68) | H77: =IF(OR(Sheet1!H68="",Sheet1!H68=FALSE),"",Sheet1!H68) | I77: =IF(OR(#REF!="",#REF!=FALSE),"",#REF!) -> #REF! | J77: =IF(OR(Sheet1!I68="",Sheet1!I68=FALSE),"",Sheet1!I68) | K77: =IF(OR(Sheet1!J68="",Sheet1!J68=FALSE),"",Sheet1!J68) | L77: =IF(OR(Sheet1!K68="",Sheet1!K68=FALSE),"",Sheet1!K68) | M77: =IF(OR(Sheet1!L68="",Sheet1!L68=FALSE),"",Sheet1!L68)
A78: =IF(Sheet1!A69="","",Sheet1!A69) | B78: =IF(OR(Sheet1!B69="",Sheet1!B69=FALSE),"",Sheet1!B69) | C78: =IF(OR(Sheet1!C69="",Sheet1!C69=FALSE),"",Sheet1!C69) | D78: =IF(OR(Sheet1!D69="",Sheet1!D69=FALSE),"",Sheet1!D69) | E78: =IF(OR(Sheet1!E69="",Sheet1!E69=FALSE),"",Sheet1!E69) | F78: =IF(OR(Sheet1!F69="",Sheet1!F69=FALSE),"",Sheet1!F69) | G78: =IF(OR(Sheet1!G69="",Sheet1!G69=FALSE),"",Sheet1!G69) | H78: =IF(OR(Sheet1!H69="",Sheet1!H69=FALSE),"",Sheet1!H69) | I78: =IF(OR(#REF!="",#REF!=FALSE),"",#REF!) -> #REF! | J78: =IF(OR(Sheet1!I69="",Sheet1!I69=FALSE),"",Sheet1!I69) | K78: =IF(OR(Sheet1!J69="",Sheet1!J69=FALSE),"",Sheet1!J69) | L78: =IF(OR(Sheet1!K69="",Sheet1!K69=FALSE),"",Sheet1!K69) | M78: =IF(OR(Sheet1!L69="",Sheet1!L69=FALSE),"",Sheet1!L69)
A79: =IF(Sheet1!A70="","",Sheet1!A70) | B79: =IF(OR(Sheet1!B70="",Sheet1!B70=FALSE),"",Sheet1!B70) | C79: =IF(OR(Sheet1!C70="",Sheet1!C70=FALSE),"",Sheet1!C70) | D79: =IF(OR(Sheet1!D70="",Sheet1!D70=FALSE),"",Sheet1!D70) | E79: =IF(OR(Sheet1!E70="",Sheet1!E70=FALSE),"",Sheet1!E70) | F79: =IF(OR(Sheet1!F70="",Sheet1!F70=FALSE),"",Sheet1!F70) | G79: =IF(OR(Sheet1!G70="",Sheet1!G70=FALSE),"",Sheet1!G70) | H79: =IF(OR(Sheet1!H70="",Sheet1!H70=FALSE),"",Sheet1!H70) | I79: =IF(OR(#REF!="",#REF!=FALSE),"",#REF!) -> #REF! | J79: =IF(OR(Sheet1!I70="",Sheet1!I70=FALSE),"",Sheet1!I70) | K79: =IF(OR(Sheet1!J70="",Sheet1!J70=FALSE),"",Sheet1!J70) | L79: =IF(OR(Sheet1!K70="",Sheet1!K70=FALSE),"",Sheet1!K70) | M79: =IF(OR(Sheet1!L70="",Sheet1!L70=FALSE),"",Sheet1!L70)
A80: =IF(Sheet1!A71="","",Sheet1!A71) | B80: =IF(OR(Sheet1!B71="",Sheet1!B71=FALSE),"",Sheet1!B71) | C80: =IF(OR(Sheet1!C71="",Sheet1!C71=FALSE),"",Sheet1!C71) | D80: =IF(OR(Sheet1!D71="",Sheet1!D71=FALSE),"",Sheet1!D71) | E80: =IF(OR(Sheet1!E71="",Sheet1!E71=FALSE),"",Sheet1!E71) | F80: =IF(OR(Sheet1!F71="",Sheet1!F71=FALSE),"",Sheet1!F71) | G80: =IF(OR(Sheet1!G71="",Sheet1!G71=FALSE),"",Sheet1!G71) | H80: =IF(OR(Sheet1!H71="",Sheet1!H71=FALSE),"",Sheet1!H71) | I80: =IF(OR(#REF!="",#REF!=FALSE),"",#REF!) -> #REF! | J80: =IF(OR(Sheet1!I71="",Sheet1!I71=FALSE),"",Sheet1!I71) | K80: =IF(OR(Sheet1!J71="",Sheet1!J71=FALSE),"",Sheet1!J71) | L80: =IF(OR(Sheet1!K71="",Sheet1!K71=FALSE),"",Sheet1!K71) | M80: =IF(OR(Sheet1!L71="",Sheet1!L71=FALSE),"",Sheet1!L71)
A81: =IF(#REF!="","",#REF!) -> #REF! | B81: =IF(OR(#REF!="",#REF!=FALSE),"",#REF!) -> #REF! | C81: =IF(OR(#REF!="",#REF!=FALSE),"",#REF!) -> #REF! | D81: =IF(OR(#REF!="",#REF!=FALSE),"",#REF!) -> #REF! | E81: =IF(OR(#REF!="",#REF!=FALSE),"",#REF!) -> #REF! | F81: =IF(OR(#REF!="",#REF!=FALSE),"",#REF!) -> #REF! | G81: =IF(OR(#REF!="",#REF!=FALSE),"",#REF!) -> #REF! | H81: =IF(OR(#REF!="",#REF!=FALSE),"",#REF!) -> #REF! | I81: =IF(OR(#REF!="",#REF!=FALSE),"",#REF!) -> #REF! | ... M81: =IF(OR(#REF!="",#REF!=FALSE),"",#REF!) -> #REF!
A82: =IF(Sheet1!A72="","",Sheet1!A72) | B82: =IF(OR(Sheet1!B72="",Sheet1!B72=FALSE),"",Sheet1!B72) | C82: =IF(OR(Sheet1!C72="",Sheet1!C72=FALSE),"",Sheet1!C72) | D82: =IF(OR(Sheet1!D72="",Sheet1!D72=FALSE),"",Sheet1!D72) | E82: =IF(OR(Sheet1!E72="",Sheet1!E72=FALSE),"",Sheet1!E72) | F82: =IF(OR(Sheet1!F72="",Sheet1!F72=FALSE),"",Sheet1!F72) | G82: =IF(OR(Sheet1!G72="",Sheet1!G72=FALSE),"",Sheet1!G72) | H82: =IF(OR(Sheet1!H72="",Sheet1!H72=FALSE),"",Sheet1!H72) | I82: =IF(OR(#REF!="",#REF!=FALSE),"",#REF!) -> #REF! | J82: =IF(OR(Sheet1!I72="",Sheet1!I72=FALSE),"",Sheet1!I72) | K82: =IF(OR(Sheet1!J72="",Sheet1!J72=FALSE),"",Sheet1!J72) | L82: =IF(OR(Sheet1!K72="",Sheet1!K72=FALSE),"",Sheet1!K72) | M82: =IF(OR(Sheet1!L72="",Sheet1!L72=FALSE),"",Sheet1!L72)
A83: =IF(Sheet1!A73="","",Sheet1!A73) | B83: =IF(OR(Sheet1!B73="",Sheet1!B73=FALSE),"",Sheet1!B73) | C83: =IF(OR(Sheet1!C73="",Sheet1!C73=FALSE),"",Sheet1!C73) | D83: =IF(OR(Sheet1!D73="",Sheet1!D73=FALSE),"",Sheet1!D73) | E83: =IF(OR(Sheet1!E73="",Sheet1!E73=FALSE),"",Sheet1!E73) | F83: =IF(OR(Sheet1!F73="",Sheet1!F73=FALSE),"",Sheet1!F73) | G83: =IF(OR(Sheet1!G73="",Sheet1!G73=FALSE),"",Sheet1!G73) | H83: =IF(OR(Sheet1!H73="",Sheet1!H73=FALSE),"",Sheet1!H73) | I83: =IF(OR(#REF!="",#REF!=FALSE),"",#REF!) -> #REF! | J83: =IF(OR(Sheet1!I73="",Sheet1!I73=FALSE),"",Sheet1!I73) | K83: =IF(OR(Sheet1!J73="",Sheet1!J73=FALSE),"",Sheet1!J73) | L83: =IF(OR(Sheet1!K73="",Sheet1!K73=FALSE),"",Sheet1!K73) | M83: =IF(OR(Sheet1!L73="",Sheet1!L73=FALSE),"",Sheet1!L73)
A84: =IF(Sheet1!A74="","",Sheet1!A74) | B84: =IF(OR(Sheet1!B74="",Sheet1!B74=FALSE),"",Sheet1!B74) | C84: =IF(OR(Sheet1!C74="",Sheet1!C74=FALSE),"",Sheet1!C74) | D84: =IF(OR(Sheet1!D74="",Sheet1!D74=FALSE),"",Sheet1!D74) | E84: =IF(OR(Sheet1!E74="",Sheet1!E74=FALSE),"",Sheet1!E74) | F84: =IF(OR(Sheet1!F74="",Sheet1!F74=FALSE),"",Sheet1!F74) | G84: =IF(OR(Sheet1!G74="",Sheet1!G74=FALSE),"",Sheet1!G74) | H84: =IF(OR(Sheet1!H74="",Sheet1!H74=FALSE),"",Sheet1!H74) | I84: =IF(OR(#REF!="",#REF!=FALSE),"",#REF!) -> #REF! | J84: =IF(OR(Sheet1!I74="",Sheet1!I74=FALSE),"",Sheet1!I74) | K84: =IF(OR(Sheet1!J74="",Sheet1!J74=FALSE),"",Sheet1!J74) | L84: =IF(OR(Sheet1!K74="",Sheet1!K74=FALSE),"",Sheet1!K74) | M84: =IF(OR(Sheet1!L74="",Sheet1!L74=FALSE),"",Sheet1!L74)
A85: =IF(Sheet1!A75="","",Sheet1!A75) | B85: =IF(OR(Sheet1!B75="",Sheet1!B75=FALSE),"",Sheet1!B75) | C85: =IF(OR(Sheet1!C75="",Sheet1!C75=FALSE),"",Sheet1!C75) | D85: =IF(OR(Sheet1!D75="",Sheet1!D75=FALSE),"",Sheet1!D75) | E85: =IF(OR(Sheet1!E75="",Sheet1!E75=FALSE),"",Sheet1!E75) | F85: =IF(OR(Sheet1!F75="",Sheet1!F75=FALSE),"",Sheet1!F75) | G85: =IF(OR(Sheet1!G75="",Sheet1!G75=FALSE),"",Sheet1!G75) | H85: =IF(OR(Sheet1!H75="",Sheet1!H75=FALSE),"",Sheet1!H75) | I85: =IF(OR(#REF!="",#REF!=FALSE),"",#REF!) -> #REF! | J85: =IF(OR(Sheet1!I75="",Sheet1!I75=FALSE),"",Sheet1!I75) | K85: =IF(OR(Sheet1!J75="",Sheet1!J75=FALSE),"",Sheet1!J75) | L85: =IF(OR(Sheet1!K75="",Sheet1!K75=FALSE),"",Sheet1!K75) | M85: =IF(OR(Sheet1!L75="",Sheet1!L75=FALSE),"",Sheet1!L75)
A86: =IF(Sheet1!A76="","",Sheet1!A76) | B86: =IF(OR(Sheet1!B76="",Sheet1!B76=FALSE),"",Sheet1!B76) | C86: =IF(OR(Sheet1!C76="",Sheet1!C76=FALSE),"",Sheet1!C76) | D86: =IF(OR(Sheet1!D76="",Sheet1!D76=FALSE),"",Sheet1!D76) | E86: =IF(OR(Sheet1!E76="",Sheet1!E76=FALSE),"",Sheet1!E76) | F86: =IF(OR(Sheet1!F76="",Sheet1!F76=FALSE),"",Sheet1!F76) | G86: =IF(OR(Sheet1!G76="",Sheet1!G76=FALSE),"",Sheet1!G76) | H86: =IF(OR(Sheet1!H76="",Sheet1!H76=FALSE),"",Sheet1!H76) | I86: =IF(OR(#REF!="",#REF!=FALSE),"",#REF!) -> #REF! | J86: =IF(OR(Sheet1!I76="",Sheet1!I76=FALSE),"",Sheet1!I76) | K86: =IF(OR(Sheet1!J76="",Sheet1!J76=FALSE),"",Sheet1!J76) | L86: =IF(OR(Sheet1!K76="",Sheet1!K76=FALSE),"",Sheet1!K76) | M86: =IF(OR(Sheet1!L76="",Sheet1!L76=FALSE),"",Sheet1!L76)
A87: =IF(Sheet1!A77="","",Sheet1!A77) | B87: =IF(OR(Sheet1!B77="",Sheet1!B77=FALSE),"",Sheet1!B77) | C87: =IF(OR(Sheet1!C77="",Sheet1!C77=FALSE),"",Sheet1!C77) | D87: =IF(OR(Sheet1!D77="",Sheet1!D77=FALSE),"",Sheet1!D77) | E87: =IF(OR(Sheet1!E77="",Sheet1!E77=FALSE),"",Sheet1!E77) | F87: =IF(OR(Sheet1!F77="",Sheet1!F77=FALSE),"",Sheet1!F77) | G87: =IF(OR(Sheet1!G77="",Sheet1!G77=FALSE),"",Sheet1!G77) | H87: =IF(OR(Sheet1!H77="",Sheet1!H77=FALSE),"",Sheet1!H77) | I87: =IF(OR(#REF!="",#REF!=FALSE),"",#REF!) -> #REF! | J87: =IF(OR(Sheet1!I77="",Sheet1!I77=FALSE),"",Sheet1!I77) | K87: =IF(OR(Sheet1!J77="",Sheet1!J77=FALSE),"",Sheet1!J77) | L87: =IF(OR(Sheet1!K77="",Sheet1!K77=FALSE),"",Sheet1!K77) | M87: =IF(OR(Sheet1!L77="",Sheet1!L77=FALSE),"",Sheet1!L77)
A88: =IF(Sheet1!A78="","",Sheet1!A78) | B88: =IF(OR(Sheet1!B78="",Sheet1!B78=FALSE),"",Sheet1!B78) | C88: =IF(OR(Sheet1!C78="",Sheet1!C78=FALSE),"",Sheet1!C78) | D88: =IF(OR(Sheet1!D78="",Sheet1!D78=FALSE),"",Sheet1!D78) | E88: =IF(OR(Sheet1!E78="",Sheet1!E78=FALSE),"",Sheet1!E78) | F88: =IF(OR(Sheet1!F78="",Sheet1!F78=FALSE),"",Sheet1!F78) | G88: =IF(OR(Sheet1!G78="",Sheet1!G78=FALSE),"",Sheet1!G78) | H88: =IF(OR(Sheet1!H78="",Sheet1!H78=FALSE),"",Sheet1!H78) | I88: =IF(OR(#REF!="",#REF!=FALSE),"",#REF!) -> #REF! | J88: =IF(OR(Sheet1!I78="",Sheet1!I78=FALSE),"",Sheet1!I78) | K88: =IF(OR(Sheet1!J78="",Sheet1!J78=FALSE),"",Sheet1!J78) | L88: =IF(OR(Sheet1!K78="",Sheet1!K78=FALSE),"",Sheet1!K78) | M88: =IF(OR(Sheet1!L78="",Sheet1!L78=FALSE),"",Sheet1!L78)
A89: =IF(Sheet1!A79="","",Sheet1!A79) | B89: =IF(OR(Sheet1!B79="",Sheet1!B79=FALSE),"",Sheet1!B79) | C89: =IF(OR(Sheet1!C79="",Sheet1!C79=FALSE),"",Sheet1!C79) | D89: =IF(OR(Sheet1!D79="",Sheet1!D79=FALSE),"",Sheet1!D79) | E89: =IF(OR(Sheet1!E79="",Sheet1!E79=FALSE),"",Sheet1!E79) | F89: =IF(OR(Sheet1!F79="",Sheet1!F79=FALSE),"",Sheet1!F79) | G89: =IF(OR(Sheet1!G79="",Sheet1!G79=FALSE),"",Sheet1!G79) | H89: =IF(OR(Sheet1!H79="",Sheet1!H79=FALSE),"",Sheet1!H79) | I89: =IF(OR(#REF!="",#REF!=FALSE),"",#REF!) -> #REF! | J89: =IF(OR(Sheet1!I79="",Sheet1!I79=FALSE),"",Sheet1!I79) | K89: =IF(OR(Sheet1!J79="",Sheet1!J79=FALSE),"",Sheet1!J79) | L89: =IF(OR(Sheet1!K79="",Sheet1!K79=FALSE),"",Sheet1!K79) | M89: =IF(OR(Sheet1!L79="",Sheet1!L79=FALSE),"",Sheet1!L79)
A90: =IF(Sheet1!A80="","",Sheet1!A80) | B90: =IF(OR(Sheet1!B80="",Sheet1!B80=FALSE),"",Sheet1!B80) | C90: =IF(OR(Sheet1!C80="",Sheet1!C80=FALSE),"",Sheet1!C80) | D90: =IF(OR(Sheet1!D80="",Sheet1!D80=FALSE),"",Sheet1!D80) | E90: =IF(OR(Sheet1!E80="",Sheet1!E80=FALSE),"",Sheet1!E80) | F90: =IF(OR(Sheet1!F80="",Sheet1!F80=FALSE),"",Sheet1!F80) | G90: =IF(OR(Sheet1!G80="",Sheet1!G80=FALSE),"",Sheet1!G80) | H90: =IF(OR(Sheet1!H80="",Sheet1!H80=FALSE),"",Sheet1!H80) | I90: =IF(OR(#REF!="",#REF!=FALSE),"",#REF!) -> #REF! | J90: =IF(OR(Sheet1!I80="",Sheet1!I80=FALSE),"",Sheet1!I80) | K90: =IF(OR(Sheet1!J80="",Sheet1!J80=FALSE),"",Sheet1!J80) | L90: =IF(OR(Sheet1!K80="",Sheet1!K80=FALSE),"",Sheet1!K80) | M90: =IF(OR(Sheet1!L80="",Sheet1!L80=FALSE),"",Sheet1!L80)
A91: =IF(Sheet1!A81="","",Sheet1!A81) | B91: =IF(OR(Sheet1!B81="",Sheet1!B81=FALSE),"",Sheet1!B81) | C91: =IF(OR(Sheet1!C81="",Sheet1!C81=FALSE),"",Sheet1!C81) | D91: =IF(OR(Sheet1!D81="",Sheet1!D81=FALSE),"",Sheet1!D81) | E91: =IF(OR(Sheet1!E81="",Sheet1!E81=FALSE),"",Sheet1!E81) | F91: =IF(OR(Sheet1!F81="",Sheet1!F81=FALSE),"",Sheet1!F81) | G91: =IF(OR(Sheet1!G81="",Sheet1!G81=FALSE),"",Sheet1!G81) | H91: =IF(OR(Sheet1!H81="",Sheet1!H81=FALSE),"",Sheet1!H81) | I91: =IF(OR(#REF!="",#REF!=FALSE),"",#REF!) -> #REF! | J91: =IF(OR(Sheet1!I81="",Sheet1!I81=FALSE),"",Sheet1!I81) | K91: =IF(OR(Sheet1!J81="",Sheet1!J81=FALSE),"",Sheet1!J81) | L91: =IF(OR(Sheet1!K81="",Sheet1!K81=FALSE),"",Sheet1!K81) | M91: =IF(OR(Sheet1!L81="",Sheet1!L81=FALSE),"",Sheet1!L81)
A92: =IF(Sheet1!A82="","",Sheet1!A82) | B92: =IF(OR(Sheet1!B82="",Sheet1!B82=FALSE),"",Sheet1!B82) | C92: =IF(OR(Sheet1!C82="",Sheet1!C82=FALSE),"",Sheet1!C82) | D92: =IF(OR(Sheet1!D82="",Sheet1!D82=FALSE),"",Sheet1!D82) | E92: =IF(OR(Sheet1!E82="",Sheet1!E82=FALSE),"",Sheet1!E82) | F92: =IF(OR(Sheet1!F82="",Sheet1!F82=FALSE),"",Sheet1!F82) | G92: =IF(OR(Sheet1!G82="",Sheet1!G82=FALSE),"",Sheet1!G82) | H92: =IF(OR(Sheet1!H82="",Sheet1!H82=FALSE),"",Sheet1!H82) | I92: =IF(OR(#REF!="",#REF!=FALSE),"",#REF!) -> #REF! | J92: =IF(OR(Sheet1!I82="",Sheet1!I82=FALSE),"",Sheet1!I82) | K92: =IF(OR(Sheet1!J82="",Sheet1!J82=FALSE),"",Sheet1!J82) | L92: =IF(OR(Sheet1!K82="",Sheet1!K82=FALSE),"",Sheet1!K82) | M92: =IF(OR(Sheet1!L82="",Sheet1!L82=FALSE),"",Sheet1!L82)
A93: =IF(Sheet1!A83="","",Sheet1!A83) | B93: =IF(OR(Sheet1!B83="",Sheet1!B83=FALSE),"",Sheet1!B83) | C93: =IF(OR(Sheet1!C83="",Sheet1!C83=FALSE),"",Sheet1!C83) | D93: =IF(OR(Sheet1!D83="",Sheet1!D83=FALSE),"",Sheet1!D83) | E93: =IF(OR(Sheet1!E83="",Sheet1!E83=FALSE),"",Sheet1!E83) | F93: =IF(OR(Sheet1!F83="",Sheet1!F83=FALSE),"",Sheet1!F83) | G93: =IF(OR(Sheet1!G83="",Sheet1!G83=FALSE),"",Sheet1!G83) | H93: =IF(OR(Sheet1!H83="",Sheet1!H83=FALSE),"",Sheet1!H83) | I93: =IF(OR(#REF!="",#REF!=FALSE),"",#REF!) -> #REF! | J93: =IF(OR(Sheet1!I83="",Sheet1!I83=FALSE),"",Sheet1!I83) | K93: =IF(OR(Sheet1!J83="",Sheet1!J83=FALSE),"",Sheet1!J83) | L93: =IF(OR(Sheet1!K83="",Sheet1!K83=FALSE),"",Sheet1!K83) | M93: =IF(OR(Sheet1!L83="",Sheet1!L83=FALSE),"",Sheet1!L83)
... A290: =IF(Sheet1!A280="","",Sheet1!A280) | B290: =IF(OR(Sheet1!B280="",Sheet1!B280=FALSE),"",Sheet1!B280) | C290: =IF(OR(Sheet1!C280="",Sheet1!C280=FALSE),"",Sheet1!C280) | D290: =IF(OR(Sheet1!D280="",Sheet1!D280=FALSE),"",Sheet1!D280) | E290: =IF(OR(Sheet1!E280="",Sheet1!E280=FALSE),"",Sheet1!E280) | F290: =IF(OR(Sheet1!F280="",Sheet1!F280=FALSE),"",Sheet1!F280) | G290: =IF(OR(Sheet1!G280="",Sheet1!G280=FALSE),"",Sheet1!G280) | H290: =IF(OR(Sheet1!H280="",Sheet1!H280=FALSE),"",Sheet1!H280) | I290: =IF(OR(#REF!="",#REF!=FALSE),"",#REF!) -> #REF! | J290: =IF(OR(Sheet1!I280="",Sheet1!I280=FALSE),"",Sheet1!I280) | K290: =IF(OR(Sheet1!J280="",Sheet1!J280=FALSE),"",Sheet1!J280) | L290: =IF(OR(Sheet1!K280="",Sheet1!K280=FALSE),"",Sheet1!K280) | M290: =IF(OR(Sheet1!L280="",Sheet1!L280=FALSE),"",Sheet1!L280)
A291: =IF(#REF!="","",#REF!) -> #REF! | B291: =IF(OR(#REF!="",#REF!=FALSE),"",#REF!) -> #REF! | C291: =IF(OR(#REF!="",#REF!=FALSE),"",#REF!) -> #REF! | D291: =IF(OR(#REF!="",#REF!=FALSE),"",#REF!) -> #REF! | E291: =IF(OR(#REF!="",#REF!=FALSE),"",#REF!) -> #REF! | F291: =IF(OR(#REF!="",#REF!=FALSE),"",#REF!) -> #REF! | G291: =IF(OR(#REF!="",#REF!=FALSE),"",#REF!) -> #REF! | H291: =IF(OR(#REF!="",#REF!=FALSE),"",#REF!) -> #REF! | I291: =IF(OR(#REF!="",#REF!=FALSE),"",#REF!) -> #REF! | ... M291: =IF(OR(#REF!="",#REF!=FALSE),"",#REF!) -> #REF!
A292: =IF(Sheet1!A281="","",Sheet1!A281) | B292: =IF(OR(Sheet1!B281="",Sheet1!B281=FALSE),"",Sheet1!B281) | C292: =IF(OR(Sheet1!C281="",Sheet1!C281=FALSE),"",Sheet1!C281) | D292: =IF(OR(Sheet1!D281="",Sheet1!D281=FALSE),"",Sheet1!D281) | E292: =IF(OR(Sheet1!E281="",Sheet1!E281=FALSE),"",Sheet1!E281) | F292: =IF(OR(Sheet1!F281="",Sheet1!F281=FALSE),"",Sheet1!F281) | G292: =IF(OR(Sheet1!G281="",Sheet1!G281=FALSE),"",Sheet1!G281) | H292: =IF(OR(Sheet1!H281="",Sheet1!H281=FALSE),"",Sheet1!H281) | I292: =IF(OR(#REF!="",#REF!=FALSE),"",#REF!) -> #REF! | J292: =IF(OR(Sheet1!I281="",Sheet1!I281=FALSE),"",Sheet1!I281) | K292: =IF(OR(Sheet1!J281="",Sheet1!J281=FALSE),"",Sheet1!J281) | L292: =IF(OR(Sheet1!K281="",Sheet1!K281=FALSE),"",Sheet1!K281) | M292: =IF(OR(Sheet1!L281="",Sheet1!L281=FALSE),"",Sheet1!L281)
A293: =IF(Sheet1!A282="","",Sheet1!A282) | B293: =IF(OR(Sheet1!B282="",Sheet1!B282=FALSE),"",Sheet1!B282) | C293: =IF(OR(Sheet1!C282="",Sheet1!C282=FALSE),"",Sheet1!C282) | D293: =IF(OR(Sheet1!D282="",Sheet1!D282=FALSE),"",Sheet1!D282) | E293: =IF(OR(Sheet1!E282="",Sheet1!E282=FALSE),"",Sheet1!E282) | F293: =IF(OR(Sheet1!F282="",Sheet1!F282=FALSE),"",Sheet1!F282) | G293: =IF(OR(Sheet1!G282="",Sheet1!G282=FALSE),"",Sheet1!G282) | H293: =IF(OR(Sheet1!H282="",Sheet1!H282=FALSE),"",Sheet1!H282) | I293: =IF(OR(#REF!="",#REF!=FALSE),"",#REF!) -> #REF! | J293: =IF(OR(Sheet1!I282="",Sheet1!I282=FALSE),"",Sheet1!I282) | K293: =IF(OR(Sheet1!J282="",Sheet1!J282=FALSE),"",Sheet1!J282) | L293: =IF(OR(Sheet1!K282="",Sheet1!K282=FALSE),"",Sheet1!K282) | M293: =IF(OR(Sheet1!L282="",Sheet1!L282=FALSE),"",Sheet1!L282)
A294: =IF(Sheet1!A283="","",Sheet1!A283) | B294: =IF(OR(Sheet1!B283="",Sheet1!B283=FALSE),"",Sheet1!B283) | C294: =IF(OR(Sheet1!C283="",Sheet1!C283=FALSE),"",Sheet1!C283) | D294: =IF(OR(Sheet1!D283="",Sheet1!D283=FALSE),"",Sheet1!D283) | E294: =IF(OR(Sheet1!E283="",Sheet1!E283=FALSE),"",Sheet1!E283) | F294: =IF(OR(Sheet1!F283="",Sheet1!F283=FALSE),"",Sheet1!F283) | G294: =IF(OR(Sheet1!G283="",Sheet1!G283=FALSE),"",Sheet1!G283) | H294: =IF(OR(Sheet1!H283="",Sheet1!H283=FALSE),"",Sheet1!H283) | I294: =IF(OR(#REF!="",#REF!=FALSE),"",#REF!) -> #REF! | J294: =IF(OR(Sheet1!I283="",Sheet1!I283=FALSE),"",Sheet1!I283) | K294: =IF(OR(Sheet1!J283="",Sheet1!J283=FALSE),"",Sheet1!J283) | L294: =IF(OR(Sheet1!K283="",Sheet1!K283=FALSE),"",Sheet1!K283) | M294: =IF(OR(Sheet1!L283="",Sheet1!L283=FALSE),"",Sheet1!L283)
A295: =IF(Sheet1!A284="","",Sheet1!A284) | B295: =IF(OR(Sheet1!B284="",Sheet1!B284=FALSE),"",Sheet1!B284) | C295: =IF(OR(Sheet1!C284="",Sheet1!C284=FALSE),"",Sheet1!C284) | D295: =IF(OR(Sheet1!D284="",Sheet1!D284=FALSE),"",Sheet1!D284) | E295: =IF(OR(Sheet1!E284="",Sheet1!E284=FALSE),"",Sheet1!E284) | F295: =IF(OR(Sheet1!F284="",Sheet1!F284=FALSE),"",Sheet1!F284) | G295: =IF(OR(Sheet1!G284="",Sheet1!G284=FALSE),"",Sheet1!G284) | H295: =IF(OR(Sheet1!H284="",Sheet1!H284=FALSE),"",Sheet1!H284) | I295: =IF(OR(#REF!="",#REF!=FALSE),"",#REF!) -> #REF! | J295: =IF(OR(Sheet1!I284="",Sheet1!I284=FALSE),"",Sheet1!I284) | K295: =IF(OR(Sheet1!J284="",Sheet1!J284=FALSE),"",Sheet1!J284) | L295: =IF(OR(Sheet1!K284="",Sheet1!K284=FALSE),"",Sheet1!K284) | M295: =IF(OR(Sheet1!L284="",Sheet1!L284=FALSE),"",Sheet1!L284)
A296: =IF(Sheet1!A285="","",Sheet1!A285) | B296: =IF(OR(Sheet1!B285="",Sheet1!B285=FALSE),"",Sheet1!B285) | C296: =IF(OR(Sheet1!C285="",Sheet1!C285=FALSE),"",Sheet1!C285) | D296: =IF(OR(Sheet1!D285="",Sheet1!D285=FALSE),"",Sheet1!D285) | E296: =IF(OR(Sheet1!E285="",Sheet1!E285=FALSE),"",Sheet1!E285) | F296: =IF(OR(Sheet1!F285="",Sheet1!F285=FALSE),"",Sheet1!F285) | G296: =IF(OR(Sheet1!G285="",Sheet1!G285=FALSE),"",Sheet1!G285) | H296: =IF(OR(Sheet1!H285="",Sheet1!H285=FALSE),"",Sheet1!H285) | I296: =IF(OR(#REF!="",#REF!=FALSE),"",#REF!) -> #REF! | J296: =IF(OR(Sheet1!I285="",Sheet1!I285=FALSE),"",Sheet1!I285) | K296: =IF(OR(Sheet1!J285="",Sheet1!J285=FALSE),"",Sheet1!J285) | L296: =IF(OR(Sheet1!K285="",Sheet1!K285=FALSE),"",Sheet1!K285) | M296: =IF(OR(Sheet1!L285="",Sheet1!L285=FALSE),"",Sheet1!L285)
A297: =IF(Sheet1!A286="","",Sheet1!A286) | B297: =IF(OR(Sheet1!B286="",Sheet1!B286=FALSE),"",Sheet1!B286) | C297: =IF(OR(Sheet1!C286="",Sheet1!C286=FALSE),"",Sheet1!C286) | D297: =IF(OR(Sheet1!D286="",Sheet1!D286=FALSE),"",Sheet1!D286) | E297: =IF(OR(Sheet1!E286="",Sheet1!E286=FALSE),"",Sheet1!E286) | F297: =IF(OR(Sheet1!F286="",Sheet1!F286=FALSE),"",Sheet1!F286) | G297: =IF(OR(Sheet1!G286="",Sheet1!G286=FALSE),"",Sheet1!G286) | H297: =IF(OR(Sheet1!H286="",Sheet1!H286=FALSE),"",Sheet1!H286) | I297: =IF(OR(#REF!="",#REF!=FALSE),"",#REF!) -> #REF! | J297: =IF(OR(Sheet1!I286="",Sheet1!I286=FALSE),"",Sheet1!I286) | K297: =IF(OR(Sheet1!J286="",Sheet1!J286=FALSE),"",Sheet1!J286) | L297: =IF(OR(Sheet1!K286="",Sheet1!K286=FALSE),"",Sheet1!K286) | M297: =IF(OR(Sheet1!L286="",Sheet1!L286=FALSE),"",Sheet1!L286)
A298: =IF(Sheet1!A287="","",Sheet1!A287) | B298: =IF(OR(Sheet1!B287="",Sheet1!B287=FALSE),"",Sheet1!B287) | C298: =IF(OR(Sheet1!C287="",Sheet1!C287=FALSE),"",Sheet1!C287) | D298: =IF(OR(Sheet1!D287="",Sheet1!D287=FALSE),"",Sheet1!D287) | E298: =IF(OR(Sheet1!E287="",Sheet1!E287=FALSE),"",Sheet1!E287) | F298: =IF(OR(Sheet1!F287="",Sheet1!F287=FALSE),"",Sheet1!F287) | G298: =IF(OR(Sheet1!G287="",Sheet1!G287=FALSE),"",Sheet1!G287) | H298: =IF(OR(Sheet1!H287="",Sheet1!H287=FALSE),"",Sheet1!H287) | I298: =IF(OR(#REF!="",#REF!=FALSE),"",#REF!) -> #REF! | J298: =IF(OR(Sheet1!I287="",Sheet1!I287=FALSE),"",Sheet1!I287) | K298: =IF(OR(Sheet1!J287="",Sheet1!J287=FALSE),"",Sheet1!J287) | L298: =IF(OR(Sheet1!K287="",Sheet1!K287=FALSE),"",Sheet1!K287) | M298: =IF(OR(Sheet1!L287="",Sheet1!L287=FALSE),"",Sheet1!L287)
A299: =IF(Sheet1!A288="","",Sheet1!A288) | B299: =IF(OR(Sheet1!B288="",Sheet1!B288=FALSE),"",Sheet1!B288) | C299: =IF(OR(Sheet1!C288="",Sheet1!C288=FALSE),"",Sheet1!C288) | D299: =IF(OR(Sheet1!D288="",Sheet1!D288=FALSE),"",Sheet1!D288) | E299: =IF(OR(Sheet1!E288="",Sheet1!E288=FALSE),"",Sheet1!E288) | F299: =IF(OR(Sheet1!F288="",Sheet1!F288=FALSE),"",Sheet1!F288) | G299: =IF(OR(Sheet1!G288="",Sheet1!G288=FALSE),"",Sheet1!G288) | H299: =IF(OR(Sheet1!H288="",Sheet1!H288=FALSE),"",Sheet1!H288) | I299: =IF(OR(#REF!="",#REF!=FALSE),"",#REF!) -> #REF! | J299: =IF(OR(Sheet1!I288="",Sheet1!I288=FALSE),"",Sheet1!I288) | K299: =IF(OR(Sheet1!J288="",Sheet1!J288=FALSE),"",Sheet1!J288) | L299: =IF(OR(Sheet1!K288="",Sheet1!K288=FALSE),"",Sheet1!K288) | M299: =IF(OR(Sheet1!L288="",Sheet1!L288=FALSE),"",Sheet1!L288)
A300: =IF(Sheet1!A289="","",Sheet1!A289) | B300: =IF(OR(Sheet1!B289="",Sheet1!B289=FALSE),"",Sheet1!B289) | C300: =IF(OR(Sheet1!C289="",Sheet1!C289=FALSE),"",Sheet1!C289) | D300: =IF(OR(Sheet1!D289="",Sheet1!D289=FALSE),"",Sheet1!D289) | E300: =IF(OR(Sheet1!E289="",Sheet1!E289=FALSE),"",Sheet1!E289) | F300: =IF(OR(Sheet1!F289="",Sheet1!F289=FALSE),"",Sheet1!F289) | G300: =IF(OR(Sheet1!G289="",Sheet1!G289=FALSE),"",Sheet1!G289) | H300: =IF(OR(Sheet1!H289="",Sheet1!H289=FALSE),"",Sheet1!H289) | I300: =IF(OR(#REF!="",#REF!=FALSE),"",#REF!) -> #REF! | J300: =IF(OR(Sheet1!I289="",Sheet1!I289=FALSE),"",Sheet1!I289) | K300: =IF(OR(Sheet1!J289="",Sheet1!J289=FALSE),"",Sheet1!J289) | L300: =IF(OR(Sheet1!K289="",Sheet1!K289=FALSE),"",Sheet1!K289) | M300: =IF(OR(Sheet1!L289="",Sheet1!L289=FALSE),"",Sheet1!L289)
A301: =IF(Sheet1!A290="","",Sheet1!A290) | B301: =IF(OR(Sheet1!B290="",Sheet1!B290=FALSE),"",Sheet1!B290) | C301: =IF(OR(Sheet1!C290="",Sheet1!C290=FALSE),"",Sheet1!C290) | D301: =IF(OR(Sheet1!D290="",Sheet1!D290=FALSE),"",Sheet1!D290) | E301: =IF(OR(Sheet1!E290="",Sheet1!E290=FALSE),"",Sheet1!E290) | F301: =IF(OR(Sheet1!F290="",Sheet1!F290=FALSE),"",Sheet1!F290) | G301: =IF(OR(Sheet1!G290="",Sheet1!G290=FALSE),"",Sheet1!G290) | H301: =IF(OR(Sheet1!H290="",Sheet1!H290=FALSE),"",Sheet1!H290) | I301: =IF(OR(#REF!="",#REF!=FALSE),"",#REF!) -> #REF! | J301: =IF(OR(Sheet1!I290="",Sheet1!I290=FALSE),"",Sheet1!I290) | K301: =IF(OR(Sheet1!J290="",Sheet1!J290=FALSE),"",Sheet1!J290) | L301: =IF(OR(Sheet1!K290="",Sheet1!K290=FALSE),"",Sheet1!K290) | M301: =IF(OR(Sheet1!L290="",Sheet1!L290=FALSE),"",Sheet1!L290)
A302: =IF(Sheet1!A291="","",Sheet1!A291) | B302: =IF(OR(Sheet1!B291="",Sheet1!B291=FALSE),"",Sheet1!B291) | C302: =IF(OR(Sheet1!C291="",Sheet1!C291=FALSE),"",Sheet1!C291) | D302: =IF(OR(Sheet1!D291="",Sheet1!D291=FALSE),"",Sheet1!D291) | E302: =IF(OR(Sheet1!E291="",Sheet1!E291=FALSE),"",Sheet1!E291) | F302: =IF(OR(Sheet1!F291="",Sheet1!F291=FALSE),"",Sheet1!F291) | G302: =IF(OR(Sheet1!G291="",Sheet1!G291=FALSE),"",Sheet1!G291) | H302: =IF(OR(Sheet1!H291="",Sheet1!H291=FALSE),"",Sheet1!H291) | I302: =IF(OR(#REF!="",#REF!=FALSE),"",#REF!) -> #REF! | J302: =IF(OR(Sheet1!I291="",Sheet1!I291=FALSE),"",Sheet1!I291) | K302: =IF(OR(Sheet1!J291="",Sheet1!J291=FALSE),"",Sheet1!J291) | L302: =IF(OR(Sheet1!K291="",Sheet1!K291=FALSE),"",Sheet1!K291) | M302: =IF(OR(Sheet1!L291="",Sheet1!L291=FALSE),"",Sheet1!L291)
A303: =IF(#REF!="","",#REF!) -> #REF! | B303: =IF(OR(#REF!="",#REF!=FALSE),"",#REF!) -> #REF! | C303: =IF(OR(#REF!="",#REF!=FALSE),"",#REF!) -> #REF! | D303: =IF(OR(#REF!="",#REF!=FALSE),"",#REF!) -> #REF! | E303: =IF(OR(#REF!="",#REF!=FALSE),"",#REF!) -> #REF! | F303: =IF(OR(#REF!="",#REF!=FALSE),"",#REF!) -> #REF! | G303: =IF(OR(#REF!="",#REF!=FALSE),"",#REF!) -> #REF! | H303: =IF(OR(#REF!="",#REF!=FALSE),"",#REF!) -> #REF! | I303: =IF(OR(#REF!="",#REF!=FALSE),"",#REF!) -> #REF! | ... M303: =IF(OR(#REF!="",#REF!=FALSE),"",#REF!) -> #REF!
A304: =IF(Sheet1!A292="","",Sheet1!A292) | B304: =IF(OR(Sheet1!B292="",Sheet1!B292=FALSE),"",Sheet1!B292) | C304: =IF(OR(Sheet1!C292="",Sheet1!C292=FALSE),"",Sheet1!C292) | D304: =IF(OR(Sheet1!D292="",Sheet1!D292=FALSE),"",Sheet1!D292) | E304: =IF(OR(Sheet1!E292="",Sheet1!E292=FALSE),"",Sheet1!E292) | F304: =IF(OR(Sheet1!F292="",Sheet1!F292=FALSE),"",Sheet1!F292) | G304: =IF(OR(Sheet1!G292="",Sheet1!G292=FALSE),"",Sheet1!G292) | H304: =IF(OR(Sheet1!H292="",Sheet1!H292=FALSE),"",Sheet1!H292) | I304: =IF(OR(#REF!="",#REF!=FALSE),"",#REF!) -> #REF! | J304: =IF(OR(Sheet1!I292="",Sheet1!I292=FALSE),"",Sheet1!I292) | K304: =IF(OR(Sheet1!J292="",Sheet1!J292=FALSE),"",Sheet1!J292) | L304: =IF(OR(Sheet1!K292="",Sheet1!K292=FALSE),"",Sheet1!K292) | M304: =IF(OR(Sheet1!L292="",Sheet1!L292=FALSE),"",Sheet1!L292)
...

Sheet Sheet3
